-- phpMyAdmin SQL Dump
-- version 4.6.4
-- https://www.phpmyadmin.net/
--
-- Client :  127.0.0.1
-- Généré le :  Sam 04 Mai 2019 à 16:11
-- Version du serveur :  5.7.14
-- Version de PHP :  5.6.25

SET SQL_MODE = "NO_AUTO_VALUE_ON_ZERO";
SET time_zone = "+00:00";


/*!40101 SET @OLD_CHARACTER_SET_CLIENT=@@CHARACTER_SET_CLIENT */;
/*!40101 SET @OLD_CHARACTER_SET_RESULTS=@@CHARACTER_SET_RESULTS */;
/*!40101 SET @OLD_COLLATION_CONNECTION=@@COLLATION_CONNECTION */;
/*!40101 SET NAMES utf8mb4 */;

--
-- Base de données :  `thegame`
--

DELIMITER $$
--
-- Procédures
--
CREATE DEFINER=`root`@`localhost` PROCEDURE `add_friend` (IN `p_friendOne` VARCHAR(30), IN `p_friendTwo` VARCHAR(30))  NO SQL
BEGIN

call drop_friend_request(p_friendOne,p_friendTwo);
INSERT into friend(friendOne,friendTwo) VALUES (p_friendOne,p_friendTwo);

END$$

CREATE DEFINER=`root`@`localhost` PROCEDURE `add_friend_request` (IN `p_playerOne` VARCHAR(30), IN `p_playerTwo` VARCHAR(30))  NO SQL
BEGIN

INSERT INTO friendrequest(playerOne,playerTwo) VALUES (p_playerOne,p_playerTwo);

END$$

CREATE DEFINER=`root`@`localhost` PROCEDURE `add_game` (IN `p_private` TINYINT(1), IN `p_nbPlayer` INT, IN `p_duration` INT, IN `p_owner` VARCHAR(30))  BEGIN 
	INSERT into game (private,nbPlayer,duration,state,owner) VALUES (p_private,p_nbPlayer,p_duration,"create",p_owner);
    SELECT LAST_INSERT_ID();
END$$

CREATE DEFINER=`root`@`localhost` PROCEDURE `add_ground` (IN `p_placex` INT, IN `p_placey` INT, IN `p_map` INT)  NO SQL
BEGIN
	insert into square(placex,placey,val,map) VALUES (p_placex,p-placey,0,p_map);
END$$

CREATE DEFINER=`root`@`localhost` PROCEDURE `add_invitation` (IN `p_author` VARCHAR(30), IN `p_recipient` VARCHAR(30), IN `p_game` INT)  BEGIN
	INSERT INTO invitation (author,recipient,game) VALUES ( p_author, p_recipient, p_game);
END$$

CREATE DEFINER=`root`@`localhost` PROCEDURE `add_map` (IN `p_game` INT, IN `p_nbx` INT, IN `p_nby` INT)  NO SQL
BEGIN

INSERT into map(game,nbx,nby) values (p_game,p_nbx,p_nby);
END$$

CREATE DEFINER=`root`@`localhost` PROCEDURE `add_ownerStat` (IN `p_pseudo` VARCHAR(30), IN `p_game` INT)  NO SQL
BEGIN

INSERT into playerstat(id,player,game) VALUES (11,p_pseudo,p_game);

END$$

CREATE DEFINER=`root`@`localhost` PROCEDURE `add_player` (IN `p_pseudo` VARCHAR(30), IN `p_mail` VARCHAR(150), IN `p_mdp` VARCHAR(150))  BEGIN
	INSERT INTO player (pseudo,mail,mdp,admin,inspectate) VALUES (p_pseudo,p_mail,p_mdp,0,null);
END$$

CREATE DEFINER=`root`@`localhost` PROCEDURE `add_square` (IN `p_placex` INT, IN `p_placey` INT, IN `p_map` INT, IN `p_val` INT)  NO SQL
BEGIN
	insert into square(placex,placey,val,map) VALUES (p_placex,p_placey,p_val,p_map);
END$$

CREATE DEFINER=`root`@`localhost` PROCEDURE `drop_friend_request` (IN `p_playerOne` VARCHAR(30), IN `p_playerTwo` VARCHAR(30))  NO SQL
BEGIN

DELETE FROM friendrequest where playerOne=p_playerOne and playerTwo= p_playerTwo;

END$$

CREATE DEFINER=`root`@`localhost` PROCEDURE `fireGame` (IN `p_game` INT, IN `p_pseudo` VARCHAR(30))  NO SQL
BEGIN

DELETE FROM playerstat where game=p_game and player=p_pseudo;

END$$

CREATE DEFINER=`root`@`localhost` PROCEDURE `get_friend` (IN `p_pseudo` VARCHAR(30))  NO SQL
BEGIN

SELECT * from friend where friendOne=p_pseudo or friendTwo=p_pseudo;

END$$

CREATE DEFINER=`root`@`localhost` PROCEDURE `get_map` (IN `p_map` INT)  NO SQL
BEGIN

SELECT placeX,placeY,val from square where map=p_map
order by placeX,placeY;


END$$

CREATE DEFINER=`root`@`localhost` PROCEDURE `get_nb_player` (IN `p_game` INT)  NO SQL
BEGIN

SELECT nbPlayer from game where id=p_game;

END$$

CREATE DEFINER=`root`@`localhost` PROCEDURE `get_owner` (IN `p_game` INT)  NO SQL
BEGIN

SELECT Owner from game where id=p_game;

END$$

CREATE DEFINER=`root`@`localhost` PROCEDURE `get_playerName_game` (IN `p_game` INT)  NO SQL
BEGIN
	SELECT player from playerstat where game=p_game;
END$$

CREATE DEFINER=`root`@`localhost` PROCEDURE `get_players_position` (IN `p_game` INT)  NO SQL
BEGIN

	select id,posX, posY from playerstat where game=p_game;

END$$

CREATE DEFINER=`root`@`localhost` PROCEDURE `get_square` (IN `p_map` INT, IN `p_x` INT, IN `p_y` INT)  NO SQL
BEGIN

	SELECT val from square where map=p_map and placeX=p_x and placeY =p_y;

END$$

CREATE DEFINER=`root`@`localhost` PROCEDURE `join_game` (IN `p_game` INT, IN `p_pseudo` VARCHAR(30))  BEGIN
	DECLARE last_id int;
    SELECT max(id) into last_id from playerstat where game=p_game;
	INSERT into playerstat(id,player,game) VALUES(last_id+1,p_pseudo,p_game);
    DELETE from invitation where recipient=p_pseudo and game=p_game;
END$$

CREATE DEFINER=`root`@`localhost` PROCEDURE `owner_leave` (IN `p_game` INT, IN `p_pseudo` VARCHAR(30))  NO SQL
BEGIN

DELETE from square where map=p_game;
DELETE FROM map where game = p_game;
DELETE FROM playerstat WHERE player = p_pseudo;
DELETE FROM game where id = p_game;


END$$

CREATE DEFINER=`root`@`localhost` PROCEDURE `player_leave` (IN `p_player` VARCHAR(30))  NO SQL
BEGIN

DELETE from playerstat where player = p_player;

END$$

CREATE DEFINER=`root`@`localhost` PROCEDURE `spectate_game` (IN `p_spectator` INT, IN `p_pseudo` VARCHAR(30))  BEGIN
	UPDATE player
    	SET spectator = p_spectator
    where pseudo = p_pseudo;
END$$

DELIMITER ;

-- --------------------------------------------------------

--
-- Structure de la table `friend`
--

CREATE TABLE `friend` (
  `friendOne` varchar(30) NOT NULL,
  `friendTwo` varchar(30) NOT NULL
) ENGINE=MyISAM DEFAULT CHARSET=utf8;

--
-- Contenu de la table `friend`
--

INSERT INTO `friend` (`friendOne`, `friendTwo`) VALUES
('admin', 'admin2'),
('admin', 'dongle');

-- --------------------------------------------------------

--
-- Structure de la table `friendrequest`
--

CREATE TABLE `friendrequest` (
  `playerOne` varchar(30) NOT NULL,
  `playerTwo` varchar(30) NOT NULL
) ENGINE=MyISAM DEFAULT CHARSET=utf8mb4;

-- --------------------------------------------------------

--
-- Structure de la table `game`
--

CREATE TABLE `game` (
  `id` int(11) NOT NULL,
  `nbPlayer` int(11) DEFAULT NULL,
  `duration` int(11) DEFAULT NULL,
  `private` tinyint(1) DEFAULT NULL,
  `state` varchar(30) DEFAULT NULL,
  `owner` varchar(30) DEFAULT NULL
) ENGINE=MyISAM DEFAULT CHARSET=utf8;

--
-- Contenu de la table `game`
--

INSERT INTO `game` (`id`, `nbPlayer`, `duration`, `private`, `state`, `owner`) VALUES
(146, 3, 180, 0, 'create', 'admin2'),
(144, 3, 180, 0, 'create', 'admin2'),
(149, 3, 180, 0, 'create', 'admin2'),
(150, 3, 180, 0, 'create', 'admin2'),
(151, 3, 180, 0, 'create', 'admin2'),
(154, 3, 180, 0, 'create', 'admin2'),
(157, 3, 180, 0, 'create', 'admin2'),
(158, 3, 180, 0, 'create', 'admin'),
(160, 3, 180, 0, 'create', 'admin'),
(161, 3, 180, 0, 'create', 'admin'),
(162, 3, 180, 0, 'create', 'admin'),
(163, 3, 180, 0, 'create', 'admin'),
(167, 3, 180, 0, 'create', 'admin'),
(168, 3, 180, 0, 'create', 'admin');

-- --------------------------------------------------------

--
-- Structure de la table `invitation`
--

CREATE TABLE `invitation` (
  `game` int(11) NOT NULL,
  `author` varchar(30) NOT NULL,
  `recipient` varchar(30) NOT NULL
) ENGINE=MyISAM DEFAULT CHARSET=utf8;

-- --------------------------------------------------------

--
-- Structure de la table `map`
--

CREATE TABLE `map` (
  `game` int(11) NOT NULL,
  `nbx` int(11) NOT NULL,
  `nby` int(11) NOT NULL
) ENGINE=MyISAM DEFAULT CHARSET=utf8;

--
-- Contenu de la table `map`
--

INSERT INTO `map` (`game`, `nbx`, `nby`) VALUES
(167, 34, 35),
(163, 30, 35),
(162, 30, 35),
(158, 30, 35),
(157, 30, 35),
(168, 30, 35);

-- --------------------------------------------------------

--
-- Structure de la table `player`
--

CREATE TABLE `player` (
  `pseudo` varchar(30) NOT NULL,
  `mail` varchar(150) NOT NULL,
  `admin` tinyint(1) NOT NULL,
  `inspectate` int(11) DEFAULT NULL,
  `mdp` varchar(200) NOT NULL
) ENGINE=MyISAM DEFAULT CHARSET=utf8;

--
-- Contenu de la table `player`
--

INSERT INTO `player` (`pseudo`, `mail`, `admin`, `inspectate`, `mdp`) VALUES
('admin2', 'admin2@gmail.com', 0, NULL, '21232f297a57a5a743894a0e4a801fc3'),
('admin', 'admin@gmail.com', 0, NULL, '21232f297a57a5a743894a0e4a801fc3'),
('dongle', 'dongle@gmail.com', 0, NULL, '4cc973ef36f975a6bac3eb5b5703b41c');

-- --------------------------------------------------------

--
-- Structure de la table `playerstat`
--

CREATE TABLE `playerstat` (
  `id` int(11) NOT NULL,
  `player` varchar(30) NOT NULL,
  `game` int(11) NOT NULL,
  `posX` int(11) NOT NULL DEFAULT '0',
  `posY` int(11) NOT NULL DEFAULT '0',
  `invisible` tinyint(1) NOT NULL DEFAULT '0',
  `boots` tinyint(1) NOT NULL DEFAULT '0',
  `shield` tinyint(1) NOT NULL DEFAULT '0',
  `superView` tinyint(1) NOT NULL DEFAULT '0',
  `incognito` tinyint(1) DEFAULT NULL,
  `team` enum('blaireau','keke',',') DEFAULT NULL
) ENGINE=MyISAM DEFAULT CHARSET=utf8;

--
-- Contenu de la table `playerstat`
--

INSERT INTO `playerstat` (`id`, `player`, `game`, `posX`, `posY`, `invisible`, `boots`, `shield`, `superView`, `incognito`, `team`) VALUES
(11, 'admin', 168, 0, 0, 0, 0, 0, 0, NULL, NULL),
(11, 'admin', 167, 0, 0, 0, 0, 0, 0, NULL, NULL);

-- --------------------------------------------------------

--
-- Structure de la table `square`
--

CREATE TABLE `square` (
  `map` int(11) NOT NULL,
  `placeX` int(11) NOT NULL,
  `placeY` int(11) NOT NULL,
  `val` float NOT NULL
) ENGINE=MyISAM DEFAULT CHARSET=utf8;

--
-- Contenu de la table `square`
--

INSERT INTO `square` (`map`, `placeX`, `placeY`, `val`) VALUES
(168, 29, 34, 1),
(168, 29, 33, 1),
(168, 29, 32, 1),
(168, 29, 31, 1),
(168, 29, 30, 1),
(168, 29, 29, 1),
(168, 29, 28, 1),
(168, 29, 27, 1),
(168, 29, 26, 1),
(168, 29, 25, 1),
(168, 29, 24, 1),
(168, 29, 23, 1),
(168, 29, 22, 1),
(168, 29, 21, 1),
(168, 29, 20, 1),
(168, 29, 19, 1),
(168, 29, 18, 1),
(168, 29, 17, 1),
(168, 29, 16, 1),
(168, 29, 15, 1),
(168, 29, 14, 1),
(168, 29, 13, 0),
(168, 29, 12, 0),
(168, 29, 11, 0),
(168, 29, 10, 0),
(168, 29, 9, 0),
(168, 29, 8, 0),
(168, 29, 7, 0),
(168, 29, 6, 0),
(168, 29, 5, 0),
(168, 29, 4, 1),
(168, 29, 3, 1),
(168, 29, 2, 1),
(168, 29, 1, 1),
(168, 29, 0, 1),
(168, 28, 34, 1),
(168, 28, 33, 0),
(168, 28, 32, 0),
(168, 28, 31, 0),
(168, 28, 30, 0),
(168, 28, 29, 0),
(168, 28, 28, 0),
(168, 28, 27, 0),
(168, 28, 26, 0),
(168, 28, 25, 0),
(168, 28, 24, 0),
(168, 28, 23, 0),
(168, 28, 22, 0),
(168, 28, 21, 0),
(168, 28, 20, 0),
(168, 28, 19, 0),
(168, 28, 18, 0),
(168, 28, 17, 0),
(168, 28, 16, 0),
(168, 28, 15, 0),
(168, 28, 14, 0),
(168, 28, 13, 0),
(168, 28, 12, 0),
(168, 28, 11, 0),
(168, 28, 10, 0),
(168, 28, 9, 0),
(168, 28, 8, 0),
(168, 28, 7, 0),
(168, 28, 6, 0),
(168, 28, 5, 0),
(168, 28, 4, 0),
(168, 28, 3, 0),
(168, 28, 2, 0),
(168, 28, 1, 0),
(168, 28, 0, 1),
(168, 27, 34, 1),
(168, 27, 33, 0),
(168, 27, 32, 0),
(168, 27, 31, 0),
(168, 27, 30, 0),
(168, 27, 29, 0),
(168, 27, 28, 1),
(168, 27, 27, 1),
(168, 27, 26, 0),
(168, 27, 25, 0),
(168, 27, 24, 0),
(168, 27, 23, 0),
(168, 27, 22, 0),
(168, 27, 21, 0),
(168, 27, 20, 0),
(168, 27, 19, 1),
(168, 27, 18, 1),
(168, 27, 17, 1),
(168, 27, 16, 1),
(168, 27, 15, 1),
(168, 27, 14, 1),
(168, 27, 13, 1),
(168, 27, 12, 1),
(168, 27, 11, 1),
(168, 27, 10, 1),
(168, 27, 9, 1),
(168, 27, 8, 0),
(168, 27, 7, 0),
(168, 27, 6, 0),
(168, 27, 5, 0),
(168, 27, 4, 0),
(168, 27, 3, 0),
(168, 27, 2, 0),
(168, 27, 1, 0),
(168, 27, 0, 1),
(168, 26, 34, 1),
(168, 26, 33, 0),
(168, 26, 32, 0),
(168, 26, 31, 0),
(168, 26, 30, 0),
(168, 26, 29, 0),
(168, 26, 28, 1),
(168, 26, 27, 1),
(168, 26, 26, 0),
(168, 26, 25, 1),
(168, 26, 24, 0),
(168, 26, 23, 0),
(168, 26, 22, 0),
(168, 26, 21, 0),
(168, 26, 20, 0),
(168, 26, 19, 1),
(168, 26, 18, 1),
(168, 26, 17, 1),
(168, 26, 16, 1),
(168, 26, 15, 1),
(168, 26, 14, 1),
(168, 26, 13, 0),
(168, 26, 12, 0),
(168, 26, 11, 0),
(168, 26, 10, 0),
(168, 26, 9, 1),
(168, 26, 8, 1),
(168, 26, 7, 0),
(168, 26, 6, 0),
(168, 26, 5, 0),
(168, 26, 4, 0),
(168, 26, 3, 0),
(168, 26, 2, 0),
(168, 26, 1, 0),
(168, 26, 0, 1),
(168, 25, 34, 1),
(168, 25, 33, 0),
(168, 25, 32, 0),
(168, 25, 31, 0),
(168, 25, 30, 0),
(168, 25, 29, 0),
(168, 25, 28, 1),
(168, 25, 27, 1),
(168, 25, 26, 1),
(168, 25, 25, 1),
(168, 25, 24, 0),
(168, 25, 23, 1),
(168, 25, 22, 0),
(168, 25, 21, 0),
(168, 25, 20, 0),
(168, 25, 19, 0),
(168, 25, 18, 0),
(168, 25, 17, 0),
(168, 25, 16, 1),
(168, 25, 15, 0),
(168, 25, 14, 1),
(168, 25, 13, 0),
(168, 25, 12, 0),
(168, 25, 11, 0),
(168, 25, 10, 0),
(168, 25, 9, 1),
(168, 25, 8, 1),
(168, 25, 7, 0),
(168, 25, 6, 0),
(168, 25, 5, 0),
(168, 25, 4, 0),
(168, 25, 3, 0),
(168, 25, 2, 0),
(168, 25, 1, 0),
(168, 25, 0, 1),
(168, 24, 34, 1),
(168, 24, 33, 0),
(168, 24, 32, 0),
(168, 24, 31, 0),
(168, 24, 30, 0),
(168, 24, 29, 0),
(168, 24, 28, 0),
(168, 24, 27, 0),
(168, 24, 26, 0),
(168, 24, 25, 0),
(168, 24, 24, 8),
(168, 24, 23, 1),
(168, 24, 22, 1),
(168, 24, 21, 1),
(168, 24, 20, 1),
(168, 24, 19, 1),
(168, 24, 18, 0),
(168, 24, 17, 1),
(168, 24, 16, 1),
(168, 24, 15, 0),
(168, 24, 14, 0),
(168, 24, 13, 0),
(168, 24, 12, 0),
(168, 24, 11, 0),
(168, 24, 10, 0),
(168, 24, 9, 0),
(168, 24, 8, 0),
(168, 24, 7, 0),
(168, 24, 6, 0),
(168, 24, 5, 0),
(168, 24, 4, 0),
(168, 24, 3, 0),
(168, 24, 2, 0),
(168, 24, 1, 0),
(168, 24, 0, 1),
(168, 23, 34, 1),
(168, 23, 33, 0),
(168, 23, 32, 0),
(168, 23, 31, 0),
(168, 23, 30, 0),
(168, 23, 29, 0),
(168, 23, 28, 0),
(168, 23, 27, 0),
(168, 23, 26, 0),
(168, 23, 25, 0),
(168, 23, 24, 0),
(168, 23, 23, 0),
(168, 23, 22, 0),
(168, 23, 21, 0),
(168, 23, 20, 0),
(168, 23, 19, 0),
(168, 23, 18, 0),
(168, 23, 17, 0),
(168, 23, 16, 0),
(168, 23, 15, 0),
(168, 23, 14, 1),
(168, 23, 13, 0),
(168, 23, 12, 0),
(168, 23, 11, 0),
(168, 23, 10, 0),
(168, 23, 9, 0),
(168, 23, 8, 0),
(168, 23, 7, 0),
(168, 23, 6, 0),
(168, 23, 5, 0),
(168, 23, 4, 0),
(168, 23, 3, 0),
(168, 23, 2, 0),
(168, 23, 1, 0),
(168, 23, 0, 1),
(168, 22, 34, 1),
(168, 22, 33, 0),
(168, 22, 32, 0),
(168, 22, 31, 0),
(168, 22, 30, 0),
(168, 22, 29, 0),
(168, 22, 28, 0),
(168, 22, 27, 0),
(168, 22, 26, 0),
(168, 22, 25, 0),
(168, 22, 24, 0),
(168, 22, 23, 0),
(168, 22, 22, 0),
(168, 22, 21, 0),
(168, 22, 20, 0),
(168, 22, 19, 0),
(168, 22, 18, 1),
(168, 22, 17, 0),
(168, 22, 16, 0),
(168, 22, 15, 1),
(168, 22, 14, 1),
(168, 22, 13, 0),
(168, 22, 12, 0),
(168, 22, 11, 0),
(168, 22, 10, 0),
(168, 22, 9, 0),
(168, 22, 8, 0),
(168, 22, 7, 0),
(168, 22, 6, 0),
(168, 22, 5, 0),
(168, 22, 4, 0),
(168, 22, 3, 0),
(168, 22, 2, 0),
(168, 22, 1, 0),
(168, 22, 0, 1),
(168, 21, 34, 1),
(168, 21, 33, 0),
(168, 21, 32, 0),
(168, 21, 31, 0),
(168, 21, 30, 0),
(168, 21, 29, 0),
(168, 21, 28, 0),
(168, 21, 27, 0),
(168, 21, 26, 0),
(168, 21, 25, 0),
(168, 21, 24, 0),
(168, 21, 23, 0),
(168, 21, 22, 0),
(168, 21, 21, 0),
(168, 21, 20, 0),
(168, 21, 19, 0),
(168, 21, 18, 1),
(168, 21, 17, 0),
(168, 21, 16, 0),
(168, 21, 15, 0),
(168, 21, 14, 0),
(168, 21, 13, 0),
(168, 21, 12, 0),
(168, 21, 11, 0),
(168, 21, 10, 0),
(168, 21, 9, 0),
(168, 21, 8, 0),
(168, 21, 7, 1),
(168, 21, 6, 1),
(168, 21, 5, 0),
(168, 21, 4, 0),
(168, 21, 3, 0),
(168, 21, 2, 0),
(168, 21, 1, 0),
(168, 21, 0, 1),
(168, 20, 34, 1),
(168, 20, 33, 0),
(168, 20, 32, 0),
(168, 20, 31, 0),
(168, 20, 30, 0),
(168, 20, 29, 0),
(168, 20, 28, 0),
(168, 20, 27, 0),
(168, 20, 26, 0),
(168, 20, 25, 0),
(168, 20, 24, 1),
(168, 20, 23, 0),
(168, 20, 22, 0),
(168, 20, 21, 0),
(168, 20, 20, 0),
(168, 20, 19, 0),
(168, 20, 18, 1),
(168, 20, 17, 0),
(168, 20, 16, 0),
(168, 20, 15, 0),
(168, 20, 14, 0),
(168, 20, 13, 0),
(168, 20, 12, 0),
(168, 20, 11, 0),
(168, 20, 10, 5),
(168, 20, 9, 0),
(168, 20, 8, 0),
(168, 20, 7, 1),
(168, 20, 6, 1),
(168, 20, 5, 1),
(168, 20, 4, 0),
(168, 20, 3, 0),
(168, 20, 2, 0),
(168, 20, 1, 0),
(168, 20, 0, 1),
(168, 19, 34, 1),
(168, 19, 33, 0),
(168, 19, 32, 1),
(168, 19, 31, 1),
(168, 19, 30, 1),
(168, 19, 29, 0),
(168, 19, 28, 0),
(168, 19, 27, 0),
(168, 19, 26, 0),
(168, 19, 25, 0),
(168, 19, 24, 1),
(168, 19, 23, 0),
(168, 19, 22, 0),
(168, 19, 21, 0),
(168, 19, 20, 0),
(168, 19, 19, 0),
(168, 19, 18, 1),
(168, 19, 17, 0),
(168, 19, 16, 0),
(168, 19, 15, 0),
(168, 19, 14, 0),
(168, 19, 13, 0),
(168, 19, 12, 0),
(168, 19, 11, 0),
(168, 19, 10, 0),
(168, 19, 9, 0),
(168, 19, 8, 0),
(168, 19, 7, 0),
(168, 19, 6, 0),
(168, 19, 5, 0),
(168, 19, 4, 0),
(168, 19, 3, 0),
(168, 19, 2, 0),
(168, 19, 1, 0),
(168, 19, 0, 1),
(168, 18, 34, 0),
(168, 18, 33, 0),
(168, 18, 32, 1),
(168, 18, 31, 0),
(168, 18, 30, 0),
(168, 18, 29, 1),
(168, 18, 28, 0),
(168, 18, 27, 0),
(168, 18, 26, 0),
(168, 18, 25, 0),
(168, 18, 24, 0),
(168, 18, 23, 0),
(168, 18, 22, 1),
(168, 18, 21, 1),
(168, 18, 20, 1),
(168, 18, 19, 1),
(168, 18, 18, 1),
(168, 18, 17, 0),
(168, 18, 16, 0),
(168, 18, 15, 0),
(168, 18, 14, 0),
(168, 18, 13, 0),
(168, 18, 12, 0),
(168, 18, 11, 0),
(168, 18, 10, 0),
(168, 18, 9, 0),
(168, 18, 8, 0),
(168, 18, 7, 0),
(168, 18, 6, 0),
(168, 18, 5, 0),
(168, 18, 4, 0),
(168, 18, 3, 0),
(168, 18, 2, 1),
(168, 18, 1, 0),
(168, 18, 0, 0),
(168, 17, 34, 0),
(168, 17, 33, 0),
(168, 17, 32, 1),
(168, 17, 31, 1),
(168, 17, 30, 1),
(168, 17, 29, 1),
(168, 17, 28, 0),
(168, 17, 27, 0),
(168, 17, 26, 0),
(168, 17, 25, 0),
(168, 17, 24, 0),
(168, 17, 23, 0),
(168, 17, 22, 1),
(168, 17, 21, 1),
(168, 17, 20, 0),
(168, 17, 19, 0),
(168, 17, 18, 0),
(168, 17, 17, 0),
(168, 17, 16, 0),
(168, 17, 15, 0),
(168, 17, 14, 0),
(168, 17, 13, 0),
(168, 17, 12, 0),
(168, 17, 11, 0),
(168, 17, 10, 0),
(168, 17, 9, 0),
(168, 17, 8, 0),
(168, 17, 7, 0),
(168, 17, 6, 0),
(168, 17, 5, 0),
(168, 17, 4, 0),
(168, 17, 3, 1),
(168, 17, 2, 1),
(168, 17, 1, 0),
(168, 17, 0, 0),
(168, 16, 34, 0),
(168, 16, 33, 0),
(168, 16, 32, 0),
(168, 16, 31, 0),
(168, 16, 30, 0),
(168, 16, 29, 0),
(168, 16, 28, 0),
(168, 16, 27, 0),
(168, 16, 26, 0),
(168, 16, 25, 0),
(168, 16, 24, 0),
(168, 16, 23, 0),
(168, 16, 22, 0),
(168, 16, 21, 0),
(168, 16, 20, 0),
(168, 16, 19, 0),
(168, 16, 18, 0),
(168, 16, 17, 0),
(168, 16, 16, 0),
(168, 16, 15, 0),
(168, 16, 14, 0),
(168, 16, 13, 0),
(168, 16, 12, 0),
(168, 16, 11, 0),
(168, 16, 10, 0),
(168, 16, 9, 0),
(168, 16, 8, 0),
(168, 16, 7, 0),
(168, 16, 6, 0),
(168, 16, 5, 0),
(168, 16, 4, 0),
(168, 16, 3, 0),
(168, 16, 2, 0),
(168, 16, 1, 0),
(168, 16, 0, 0),
(168, 15, 34, 0),
(168, 15, 33, 0),
(168, 15, 32, 0),
(168, 15, 31, 2),
(168, 15, 30, 0),
(168, 15, 29, 0),
(168, 15, 28, 0),
(168, 15, 27, 0),
(168, 15, 26, 0),
(168, 15, 25, 0),
(168, 15, 24, 0),
(168, 15, 23, 0),
(168, 15, 22, 0),
(168, 15, 21, 0),
(168, 15, 20, 0),
(168, 15, 19, 1),
(168, 15, 18, 0),
(168, 15, 17, 0),
(168, 15, 16, 0),
(168, 15, 15, 1),
(168, 15, 14, 0),
(168, 15, 13, 0),
(168, 15, 12, 0),
(168, 15, 11, 0),
(168, 15, 10, 0),
(168, 15, 9, 0),
(168, 15, 8, 0),
(168, 15, 7, 0),
(168, 15, 6, 0),
(168, 15, 5, 0),
(168, 15, 4, 0),
(168, 15, 3, 0),
(168, 15, 2, 0),
(168, 15, 1, 0),
(168, 15, 0, 0),
(168, 14, 34, 0),
(168, 14, 33, 0),
(168, 14, 32, 0),
(168, 14, 31, 0),
(168, 14, 30, 0),
(168, 14, 29, 0),
(168, 14, 28, 0),
(168, 14, 27, 0),
(168, 14, 26, 2),
(168, 14, 25, 0),
(168, 14, 24, 0),
(168, 14, 23, 0),
(168, 14, 22, 0),
(168, 14, 21, 0),
(168, 14, 20, 0),
(168, 14, 19, 1),
(168, 14, 18, 0),
(168, 14, 17, 0),
(168, 14, 16, 0),
(168, 14, 15, 1),
(168, 14, 14, 0),
(168, 14, 13, 0),
(168, 14, 12, 0),
(168, 14, 11, 0),
(168, 14, 10, 0),
(168, 14, 9, 0),
(168, 14, 8, 0),
(168, 14, 7, 0),
(168, 14, 6, 0),
(168, 14, 5, 0),
(168, 14, 4, 0),
(168, 14, 3, 0),
(168, 14, 2, 0),
(168, 14, 1, 0),
(168, 14, 0, 0),
(168, 13, 34, 0),
(168, 13, 33, 0),
(168, 13, 32, 0),
(168, 13, 31, 0),
(168, 13, 30, 2),
(168, 13, 29, 0),
(168, 13, 28, 0),
(168, 13, 27, 0),
(168, 13, 26, 0),
(168, 13, 25, 0),
(168, 13, 24, 0),
(168, 13, 23, 3),
(168, 13, 22, 0),
(168, 13, 21, 0),
(168, 13, 20, 0),
(168, 13, 19, 0),
(168, 13, 18, 0),
(168, 13, 17, 0),
(168, 13, 16, 0),
(168, 13, 15, 1),
(168, 13, 14, 1),
(168, 13, 13, 0),
(168, 13, 12, 0),
(168, 13, 11, 0),
(168, 13, 10, 0),
(168, 13, 9, 1),
(168, 13, 8, 0),
(168, 13, 7, 0),
(168, 13, 6, 0),
(168, 13, 5, 0),
(168, 13, 4, 0),
(168, 13, 3, 0),
(168, 13, 2, 0),
(168, 13, 1, 0),
(168, 13, 0, 0),
(168, 12, 34, 0),
(168, 12, 33, 0),
(168, 12, 32, 0),
(168, 12, 31, 0),
(168, 12, 30, 0),
(168, 12, 29, 0),
(168, 12, 28, 0),
(168, 12, 27, 0),
(168, 12, 26, 0),
(168, 12, 25, 0),
(168, 12, 24, 0),
(168, 12, 23, 0),
(168, 12, 22, 0),
(168, 12, 21, 0),
(168, 12, 20, 0),
(168, 12, 19, 0),
(168, 12, 18, 0),
(168, 12, 17, 0),
(168, 12, 16, 0),
(168, 12, 15, 0),
(168, 12, 14, 1),
(168, 12, 13, 0),
(168, 12, 12, 0),
(168, 12, 11, 0),
(168, 12, 10, 0),
(168, 12, 9, 1),
(168, 12, 8, 0),
(168, 12, 7, 0),
(168, 12, 6, 0),
(168, 12, 5, 0),
(168, 12, 4, 0),
(168, 12, 3, 0),
(168, 12, 2, 0),
(168, 12, 1, 0),
(168, 12, 0, 0),
(168, 11, 34, 0),
(168, 11, 33, 0),
(168, 11, 32, 0),
(168, 11, 31, 0),
(168, 11, 30, 0),
(168, 11, 29, 0),
(168, 11, 28, 0),
(168, 11, 27, 0),
(168, 11, 26, 0),
(168, 11, 25, 0),
(168, 11, 24, 0),
(168, 11, 23, 0),
(168, 11, 22, 0),
(168, 11, 21, 0),
(168, 11, 20, 0),
(168, 11, 19, 0),
(168, 11, 18, 0),
(168, 11, 17, 0),
(168, 11, 16, 0),
(168, 11, 15, 1),
(168, 11, 14, 1),
(168, 11, 13, 0),
(168, 11, 12, 0),
(168, 11, 11, 0),
(168, 11, 10, 0),
(168, 11, 9, 0),
(168, 11, 8, 0),
(168, 11, 7, 0),
(168, 11, 6, 0),
(168, 11, 5, 0),
(168, 11, 4, 0),
(168, 11, 3, 0),
(168, 11, 2, 0),
(168, 11, 1, 0),
(168, 11, 0, 0),
(168, 10, 34, 0),
(168, 10, 33, 0),
(168, 10, 32, 0),
(168, 10, 31, 0),
(168, 10, 30, 0),
(168, 10, 29, 0),
(168, 10, 28, 0),
(168, 10, 27, 2),
(168, 10, 26, 0),
(168, 10, 25, 0),
(168, 10, 24, 0),
(168, 10, 23, 0),
(168, 10, 22, 0),
(168, 10, 21, 0),
(168, 10, 20, 0),
(168, 10, 19, 0),
(168, 10, 18, 0),
(168, 10, 17, 0),
(168, 10, 16, 0),
(168, 10, 15, 1),
(168, 10, 14, 1),
(168, 10, 13, 0),
(168, 10, 12, 0),
(168, 10, 11, 0),
(168, 10, 10, 0),
(168, 10, 9, 0),
(168, 10, 8, 0),
(168, 10, 7, 0),
(168, 10, 6, 0),
(168, 10, 5, 0),
(168, 10, 4, 0),
(168, 10, 3, 0),
(168, 10, 2, 0),
(168, 10, 1, 0),
(168, 10, 0, 0),
(168, 9, 34, 0),
(168, 9, 33, 0),
(168, 9, 32, 0),
(168, 9, 31, 0),
(168, 9, 30, 0),
(168, 9, 29, 0),
(168, 9, 28, 0),
(168, 9, 27, 0),
(168, 9, 26, 0),
(168, 9, 25, 0),
(168, 9, 24, 0),
(168, 9, 23, 0),
(168, 9, 22, 0),
(168, 9, 21, 0),
(168, 9, 20, 0),
(168, 9, 19, 0),
(168, 9, 18, 0),
(168, 9, 17, 0),
(168, 9, 16, 0),
(168, 9, 15, 1),
(168, 9, 14, 1),
(168, 9, 13, 0),
(168, 9, 12, 0),
(168, 9, 11, 0),
(168, 9, 10, 0),
(168, 9, 9, 0),
(168, 9, 8, 0),
(168, 9, 7, 0),
(168, 9, 6, 0),
(168, 9, 5, 0),
(168, 9, 4, 0),
(168, 9, 3, 0),
(168, 9, 2, 0),
(168, 9, 1, 0),
(168, 9, 0, 0),
(168, 8, 34, 0),
(168, 8, 33, 0),
(168, 8, 32, 0),
(168, 8, 31, 0),
(168, 8, 30, 0),
(168, 8, 29, 0),
(168, 8, 28, 0),
(168, 8, 27, 0),
(168, 8, 26, 0),
(168, 8, 25, 0),
(168, 8, 24, 0),
(168, 8, 23, 0),
(168, 8, 22, 2),
(168, 8, 21, 0),
(168, 8, 20, 0),
(168, 8, 19, 0),
(168, 8, 18, 0),
(168, 8, 17, 6),
(168, 8, 16, 7),
(168, 8, 15, 1),
(168, 8, 14, 0),
(168, 8, 13, 0),
(168, 8, 12, 0),
(168, 8, 11, 0),
(168, 8, 10, 0),
(168, 8, 9, 0),
(168, 8, 8, 0),
(168, 8, 7, 0),
(168, 8, 6, 0),
(168, 8, 5, 0),
(168, 8, 4, 0),
(168, 8, 3, 0),
(168, 8, 2, 0),
(168, 8, 1, 0),
(168, 8, 0, 0),
(168, 7, 34, 0),
(168, 7, 33, 0),
(168, 7, 32, 0),
(168, 7, 31, 0),
(168, 7, 30, 0),
(168, 7, 29, 9),
(168, 7, 28, 0),
(168, 7, 27, 0),
(168, 7, 26, 0),
(168, 7, 25, 1),
(168, 7, 24, 1),
(168, 7, 23, 0),
(168, 7, 22, 0),
(168, 7, 21, 0),
(168, 7, 20, 0),
(168, 7, 19, 0),
(168, 7, 18, 0),
(168, 7, 17, 0),
(168, 7, 16, 0),
(168, 7, 15, 1),
(168, 7, 14, 0),
(168, 7, 13, 0),
(168, 7, 12, 0),
(168, 7, 11, 0),
(168, 7, 10, 0),
(168, 7, 9, 0),
(168, 7, 8, 0),
(168, 7, 7, 0),
(168, 7, 6, 0),
(168, 7, 5, 0),
(168, 7, 4, 0),
(168, 7, 3, 0),
(168, 7, 2, 0),
(168, 7, 1, 0),
(168, 7, 0, 0),
(168, 6, 34, 0),
(168, 6, 33, 0),
(168, 6, 32, 0),
(168, 6, 31, 0),
(168, 6, 30, 0),
(168, 6, 29, 0),
(168, 6, 28, 0),
(168, 6, 27, 0),
(168, 6, 26, 0),
(168, 6, 25, 0),
(168, 6, 24, 1),
(168, 6, 23, 0),
(168, 6, 22, 0),
(168, 6, 21, 0),
(168, 6, 20, 0),
(168, 6, 19, 0),
(168, 6, 18, 0),
(168, 6, 17, 0),
(168, 6, 16, 0),
(168, 6, 15, 0),
(168, 6, 14, 0),
(168, 6, 13, 0),
(168, 6, 12, 0),
(168, 6, 11, 0),
(168, 6, 10, 0),
(168, 6, 9, 0),
(168, 6, 8, 0),
(168, 6, 7, 0),
(168, 6, 6, 0),
(168, 6, 5, 1),
(168, 6, 4, 0),
(168, 6, 3, 0),
(168, 6, 2, 0),
(168, 6, 1, 0),
(168, 6, 0, 0),
(168, 5, 34, 0),
(168, 5, 33, 0),
(168, 5, 32, 0),
(168, 5, 31, 0),
(168, 5, 30, 0),
(168, 5, 29, 0),
(168, 5, 28, 0),
(168, 5, 27, 0),
(168, 5, 26, 0),
(168, 5, 25, 0),
(168, 5, 24, 1),
(168, 5, 23, 1),
(168, 5, 22, 0),
(168, 5, 21, 1),
(168, 5, 20, 0),
(168, 5, 19, 0),
(168, 5, 18, 0),
(168, 5, 17, 0),
(168, 5, 16, 1),
(168, 5, 15, 1),
(168, 5, 14, 1),
(168, 5, 13, 1),
(168, 5, 12, 1),
(168, 5, 11, 1),
(168, 5, 10, 0),
(168, 5, 9, 0),
(168, 5, 8, 0),
(168, 5, 7, 0),
(168, 5, 6, 0),
(168, 5, 5, 1),
(168, 5, 4, 1),
(168, 5, 3, 0),
(168, 5, 2, 0),
(168, 5, 1, 0),
(168, 5, 0, 0),
(168, 4, 34, 1),
(168, 4, 33, 0),
(168, 4, 32, 0),
(168, 4, 31, 0),
(168, 4, 30, 0),
(168, 4, 29, 0),
(168, 4, 28, 0),
(168, 4, 27, 0),
(168, 4, 26, 0),
(168, 4, 25, 0),
(168, 4, 24, 0),
(168, 4, 23, 1),
(168, 4, 22, 1),
(168, 4, 21, 1),
(168, 4, 20, 0),
(168, 4, 19, 0),
(168, 4, 18, 0),
(168, 4, 17, 0),
(168, 4, 16, 0),
(168, 4, 15, 0),
(168, 4, 14, 0),
(168, 4, 13, 1),
(168, 4, 12, 0),
(168, 4, 11, 1),
(168, 4, 10, 0),
(168, 4, 9, 0),
(168, 4, 8, 0),
(168, 4, 7, 0),
(168, 4, 6, 0),
(168, 4, 5, 0),
(168, 4, 4, 1),
(168, 4, 3, 0),
(168, 4, 2, 0),
(168, 4, 1, 0),
(168, 4, 0, 1),
(168, 3, 34, 1),
(168, 3, 33, 0),
(168, 3, 32, 0),
(168, 3, 31, 0),
(168, 3, 30, 0),
(168, 3, 29, 0),
(168, 3, 28, 0),
(168, 3, 27, 0),
(168, 3, 26, 0),
(168, 3, 25, 0),
(168, 3, 24, 0),
(168, 3, 23, 0),
(168, 3, 22, 0),
(168, 3, 21, 0),
(168, 3, 20, 0),
(168, 3, 19, 1),
(168, 3, 18, 1),
(168, 3, 17, 1),
(168, 3, 16, 1),
(168, 3, 15, 1),
(168, 3, 14, 1),
(168, 3, 13, 1),
(168, 3, 12, 0),
(168, 3, 11, 1),
(168, 3, 10, 0),
(168, 3, 9, 0),
(168, 3, 8, 0),
(168, 3, 7, 0),
(168, 3, 6, 0),
(168, 3, 5, 0),
(168, 3, 4, 1),
(168, 3, 3, 0),
(168, 3, 2, 0),
(168, 3, 1, 0),
(168, 3, 0, 1),
(168, 2, 34, 1),
(168, 2, 33, 0),
(168, 2, 32, 0),
(168, 2, 31, 0),
(168, 2, 30, 0),
(168, 2, 29, 0),
(168, 2, 28, 0),
(168, 2, 27, 0),
(168, 2, 26, 0),
(168, 2, 25, 0),
(168, 2, 24, 0),
(168, 2, 23, 0),
(168, 2, 22, 0),
(168, 2, 21, 0),
(168, 2, 20, 0),
(168, 2, 19, 0),
(168, 2, 18, 0),
(168, 2, 17, 0),
(168, 2, 16, 0),
(168, 2, 15, 0),
(168, 2, 14, 0),
(168, 2, 13, 0),
(168, 2, 12, 0),
(168, 2, 11, 0),
(168, 2, 10, 0),
(168, 2, 9, 0),
(168, 2, 8, 0),
(168, 2, 7, 0),
(168, 2, 6, 0),
(168, 2, 5, 0),
(168, 2, 4, 0),
(168, 2, 3, 0),
(168, 2, 2, 0),
(168, 2, 1, 0),
(168, 2, 0, 1),
(168, 1, 34, 1),
(168, 1, 33, 0),
(168, 1, 32, 0),
(168, 1, 31, 0),
(168, 1, 30, 0),
(168, 1, 29, 0),
(168, 1, 28, 0),
(168, 1, 27, 0),
(168, 1, 26, 0),
(168, 1, 25, 0),
(168, 1, 24, 0),
(168, 1, 23, 0),
(168, 1, 22, 0),
(168, 1, 21, 4),
(168, 1, 20, 0),
(168, 1, 19, 0),
(168, 1, 18, 0),
(168, 1, 17, 0),
(168, 1, 16, 0),
(168, 1, 15, 0),
(168, 1, 14, 0),
(168, 1, 13, 0),
(168, 1, 12, 0),
(168, 1, 11, 0),
(168, 1, 10, 0),
(168, 1, 9, 0),
(168, 1, 8, 0),
(168, 1, 7, 0),
(168, 1, 6, 0),
(168, 1, 5, 0),
(168, 1, 4, 0),
(168, 1, 3, 0),
(168, 1, 2, 0),
(168, 1, 1, 0),
(168, 1, 0, 1),
(168, 0, 34, 1),
(168, 0, 33, 1),
(168, 0, 32, 1),
(168, 0, 31, 1),
(168, 0, 30, 1),
(168, 0, 29, 1),
(168, 0, 28, 1),
(168, 0, 27, 1),
(168, 0, 26, 1),
(168, 0, 25, 1),
(168, 0, 24, 1),
(168, 0, 23, 1),
(168, 0, 22, 1),
(168, 0, 21, 1),
(168, 0, 20, 1),
(168, 0, 19, 1),
(168, 0, 18, 1),
(168, 0, 17, 1),
(168, 0, 16, 1),
(168, 0, 15, 1),
(168, 0, 14, 1),
(168, 0, 13, 0),
(168, 0, 12, 0),
(168, 0, 11, 0),
(168, 0, 10, 0),
(168, 0, 9, 0),
(168, 0, 8, 0),
(168, 0, 7, 0),
(168, 0, 6, 0),
(168, 0, 5, 0),
(168, 0, 4, 1),
(168, 0, 3, 1),
(168, 0, 2, 1),
(168, 0, 1, 1),
(168, 0, 0, 1),
(167, 33, 34, 0),
(167, 33, 0, 0),
(167, 32, 34, 0),
(167, 32, 0, 0),
(167, 31, 34, 0),
(167, 31, 0, 0),
(167, 30, 34, 0),
(167, 30, 0, 0),
(167, 29, 34, 0),
(167, 29, 33, 1),
(167, 29, 32, 1),
(167, 29, 31, 1),
(167, 29, 30, 1),
(167, 29, 29, 1),
(167, 29, 28, 1),
(167, 29, 27, 1),
(167, 29, 26, 1),
(167, 29, 25, 1),
(167, 29, 24, 1),
(167, 29, 23, 1),
(167, 29, 22, 1),
(167, 29, 21, 1),
(167, 29, 20, 1),
(167, 29, 19, 1),
(167, 29, 18, 1),
(167, 29, 17, 0),
(167, 29, 16, 0),
(167, 29, 15, 0),
(167, 29, 14, 0),
(167, 29, 13, 0),
(167, 29, 12, 0),
(167, 29, 11, 0),
(167, 29, 10, 0),
(167, 29, 9, 0),
(167, 29, 8, 1),
(167, 29, 7, 1),
(167, 29, 6, 1),
(167, 29, 5, 1),
(167, 29, 4, 1),
(167, 29, 3, 1),
(167, 29, 2, 1),
(167, 29, 1, 1),
(167, 29, 0, 0),
(167, 28, 34, 0),
(167, 28, 33, 0),
(167, 28, 32, 0),
(167, 28, 31, 0),
(167, 28, 30, 0),
(167, 28, 29, 0),
(167, 28, 28, 0),
(167, 28, 27, 0),
(167, 28, 26, 0),
(167, 28, 25, 0),
(167, 28, 24, 0),
(167, 28, 23, 0),
(167, 28, 22, 0),
(167, 28, 21, 0),
(167, 28, 20, 0),
(167, 28, 19, 0),
(167, 28, 18, 0),
(167, 28, 17, 0),
(167, 28, 16, 0),
(167, 28, 15, 0),
(167, 28, 14, 0),
(167, 28, 13, 0),
(167, 28, 12, 0),
(167, 28, 11, 0),
(167, 28, 10, 0),
(167, 28, 9, 0),
(167, 28, 8, 0),
(167, 28, 7, 0),
(167, 28, 6, 0),
(167, 28, 5, 0),
(167, 28, 4, 0),
(167, 28, 3, 0),
(167, 28, 2, 0),
(167, 28, 1, 0),
(167, 28, 0, 0),
(167, 27, 34, 0),
(167, 27, 33, 0),
(167, 27, 32, 0),
(167, 27, 31, 0),
(167, 27, 30, 1),
(167, 27, 29, 1),
(167, 27, 28, 1),
(167, 27, 27, 1),
(167, 27, 26, 1),
(167, 27, 25, 1),
(167, 27, 24, 1),
(167, 27, 23, 1),
(167, 27, 22, 1),
(167, 27, 21, 1),
(167, 27, 20, 0),
(167, 27, 19, 0),
(167, 27, 18, 0),
(167, 27, 17, 0),
(167, 27, 16, 0),
(167, 27, 15, 0),
(167, 27, 14, 0),
(167, 27, 13, 0),
(167, 27, 12, 0),
(167, 27, 11, 0),
(167, 27, 10, 0),
(167, 27, 9, 1),
(167, 27, 8, 1),
(167, 27, 7, 1),
(167, 27, 6, 0),
(167, 27, 5, 0),
(167, 27, 4, 0),
(167, 27, 3, 0),
(167, 27, 2, 0),
(167, 27, 1, 0),
(167, 27, 0, 0),
(167, 26, 34, 0),
(167, 26, 33, 0),
(167, 26, 32, 0),
(167, 26, 31, 0),
(167, 26, 30, 0),
(167, 26, 29, 0),
(167, 26, 28, 0),
(167, 26, 27, 0),
(167, 26, 26, 0),
(167, 26, 25, 0),
(167, 26, 24, 0),
(167, 26, 23, 1),
(167, 26, 22, 1),
(167, 26, 21, 1),
(167, 26, 20, 0),
(167, 26, 19, 0),
(167, 26, 18, 0),
(167, 26, 17, 0),
(167, 26, 16, 0),
(167, 26, 15, 0),
(167, 26, 14, 0),
(167, 26, 13, 1),
(167, 26, 12, 0),
(167, 26, 11, 0),
(167, 26, 10, 0),
(167, 26, 9, 1),
(167, 26, 8, 1),
(167, 26, 7, 1),
(167, 26, 6, 0),
(167, 26, 5, 0),
(167, 26, 4, 0),
(167, 26, 3, 0),
(167, 26, 2, 0),
(167, 26, 1, 0),
(167, 26, 0, 0),
(167, 25, 34, 0),
(167, 25, 33, 0),
(167, 25, 32, 0),
(167, 25, 31, 3),
(167, 25, 30, 0),
(167, 25, 29, 0),
(167, 25, 28, 0),
(167, 25, 27, 0),
(167, 25, 26, 0),
(167, 25, 25, 0),
(167, 25, 24, 0),
(167, 25, 23, 1),
(167, 25, 22, 1),
(167, 25, 21, 1),
(167, 25, 20, 0),
(167, 25, 19, 0),
(167, 25, 18, 0),
(167, 25, 17, 0),
(167, 25, 16, 0),
(167, 25, 15, 0),
(167, 25, 14, 0),
(167, 25, 13, 1),
(167, 25, 12, 0),
(167, 25, 11, 0),
(167, 25, 10, 0),
(167, 25, 9, 0),
(167, 25, 8, 0),
(167, 25, 7, 0),
(167, 25, 6, 0),
(167, 25, 5, 0),
(167, 25, 4, 0),
(167, 25, 3, 0),
(167, 25, 2, 0),
(167, 25, 1, 0),
(167, 25, 0, 0),
(167, 24, 34, 0),
(167, 24, 33, 0),
(167, 24, 32, 0),
(167, 24, 31, 0),
(167, 24, 30, 0),
(167, 24, 29, 0),
(167, 24, 28, 0),
(167, 24, 27, 0),
(167, 24, 26, 0),
(167, 24, 25, 0),
(167, 24, 24, 0),
(167, 24, 23, 0),
(167, 24, 22, 1),
(167, 24, 21, 1),
(167, 24, 20, 0),
(167, 24, 19, 0),
(167, 24, 18, 0),
(167, 24, 17, 0),
(167, 24, 16, 1),
(167, 24, 15, 0),
(167, 24, 14, 0),
(167, 24, 13, 1),
(167, 24, 12, 0),
(167, 24, 11, 0),
(167, 24, 10, 0),
(167, 24, 9, 0),
(167, 24, 8, 0),
(167, 24, 7, 0),
(167, 24, 6, 0),
(167, 24, 5, 0),
(167, 24, 4, 0),
(167, 24, 3, 0),
(167, 24, 2, 0),
(167, 24, 1, 0),
(167, 24, 0, 0),
(167, 23, 34, 0),
(167, 23, 33, 0),
(167, 23, 32, 0),
(167, 23, 31, 0),
(167, 23, 30, 0),
(167, 23, 29, 0),
(167, 23, 28, 0),
(167, 23, 27, 0),
(167, 23, 26, 0),
(167, 23, 25, 1),
(167, 23, 24, 0),
(167, 23, 23, 0),
(167, 23, 22, 1),
(167, 23, 21, 1),
(167, 23, 20, 0),
(167, 23, 19, 0),
(167, 23, 18, 0),
(167, 23, 17, 0),
(167, 23, 16, 1),
(167, 23, 15, 1),
(167, 23, 14, 1),
(167, 23, 13, 1),
(167, 23, 12, 0),
(167, 23, 11, 0),
(167, 23, 10, 0),
(167, 23, 9, 0),
(167, 23, 8, 0),
(167, 23, 7, 0),
(167, 23, 6, 0),
(167, 23, 5, 0),
(167, 23, 4, 0),
(167, 23, 3, 7),
(167, 23, 2, 0),
(167, 23, 1, 0),
(167, 23, 0, 0),
(167, 22, 34, 1),
(167, 22, 33, 0),
(167, 22, 32, 0),
(167, 22, 31, 0),
(167, 22, 30, 0),
(167, 22, 29, 0),
(167, 22, 28, 0),
(167, 22, 27, 0),
(167, 22, 26, 1),
(167, 22, 25, 8),
(167, 22, 24, 0),
(167, 22, 23, 0),
(167, 22, 22, 1),
(167, 22, 21, 1),
(167, 22, 20, 0),
(167, 22, 19, 0),
(167, 22, 18, 0),
(167, 22, 17, 0),
(167, 22, 16, 0),
(167, 22, 15, 0),
(167, 22, 14, 0),
(167, 22, 13, 0),
(167, 22, 12, 0),
(167, 22, 11, 0),
(167, 22, 10, 0),
(167, 22, 9, 0),
(167, 22, 8, 0),
(167, 22, 7, 0),
(167, 22, 6, 0),
(167, 22, 5, 0),
(167, 22, 4, 0),
(167, 22, 3, 0),
(167, 22, 2, 0),
(167, 22, 1, 0),
(167, 22, 0, 1),
(167, 21, 34, 1),
(167, 21, 33, 0),
(167, 21, 32, 0),
(167, 21, 31, 1),
(167, 21, 30, 0),
(167, 21, 29, 0),
(167, 21, 28, 0),
(167, 21, 27, 0),
(167, 21, 26, 0),
(167, 21, 25, 0),
(167, 21, 24, 0),
(167, 21, 23, 0),
(167, 21, 22, 0),
(167, 21, 21, 4),
(167, 21, 20, 0),
(167, 21, 19, 0),
(167, 21, 18, 0),
(167, 21, 17, 0),
(167, 21, 16, 0),
(167, 21, 15, 0),
(167, 21, 14, 0),
(167, 21, 13, 0),
(167, 21, 12, 1),
(167, 21, 11, 0),
(167, 21, 10, 0),
(167, 21, 9, 0),
(167, 21, 8, 0),
(167, 21, 7, 0),
(167, 21, 6, 0),
(167, 21, 5, 0),
(167, 21, 4, 0),
(167, 21, 3, 0),
(167, 21, 2, 1),
(167, 21, 1, 0),
(167, 21, 0, 1),
(167, 20, 34, 1),
(167, 20, 33, 0),
(167, 20, 32, 0),
(167, 20, 31, 1),
(167, 20, 30, 1),
(167, 20, 29, 1),
(167, 20, 28, 1),
(167, 20, 27, 1),
(167, 20, 26, 0),
(167, 20, 25, 0),
(167, 20, 24, 0),
(167, 20, 23, 0),
(167, 20, 22, 0),
(167, 20, 21, 0),
(167, 20, 20, 0),
(167, 20, 19, 0),
(167, 20, 18, 0),
(167, 20, 17, 0),
(167, 20, 16, 0),
(167, 20, 15, 0),
(167, 20, 14, 0),
(167, 20, 13, 0),
(167, 20, 12, 1),
(167, 20, 11, 1),
(167, 20, 10, 1),
(167, 20, 9, 1),
(167, 20, 8, 1),
(167, 20, 7, 1),
(167, 20, 6, 1),
(167, 20, 5, 1),
(167, 20, 4, 1),
(167, 20, 3, 1),
(167, 20, 2, 1),
(167, 20, 1, 0),
(167, 20, 0, 1),
(167, 19, 34, 1),
(167, 19, 33, 0),
(167, 19, 32, 0),
(167, 19, 31, 1),
(167, 19, 30, 1),
(167, 19, 29, 1),
(167, 19, 28, 1),
(167, 19, 27, 1),
(167, 19, 26, 0),
(167, 19, 25, 0),
(167, 19, 24, 0),
(167, 19, 23, 0),
(167, 19, 22, 0),
(167, 19, 21, 0),
(167, 19, 20, 0),
(167, 19, 19, 0),
(167, 19, 18, 0),
(167, 19, 17, 0),
(167, 19, 16, 0),
(167, 19, 15, 0),
(167, 19, 14, 0),
(167, 19, 13, 0),
(167, 19, 12, 0),
(167, 19, 11, 0),
(167, 19, 10, 0),
(167, 19, 9, 0),
(167, 19, 8, 0),
(167, 19, 7, 0),
(167, 19, 6, 0),
(167, 19, 5, 0),
(167, 19, 4, 0),
(167, 19, 3, 0),
(167, 19, 2, 9),
(167, 19, 1, 0),
(167, 19, 0, 1),
(167, 18, 34, 1),
(167, 18, 33, 0),
(167, 18, 32, 0),
(167, 18, 31, 1),
(167, 18, 30, 0),
(167, 18, 29, 0),
(167, 18, 28, 1),
(167, 18, 27, 1),
(167, 18, 26, 0),
(167, 18, 25, 0),
(167, 18, 24, 1),
(167, 18, 23, 0),
(167, 18, 22, 0),
(167, 18, 21, 0),
(167, 18, 20, 0),
(167, 18, 19, 0),
(167, 18, 18, 0),
(167, 18, 17, 0),
(167, 18, 16, 0),
(167, 18, 15, 0),
(167, 18, 14, 0),
(167, 18, 13, 0),
(167, 18, 12, 0),
(167, 18, 11, 0),
(167, 18, 10, 6),
(167, 18, 9, 0),
(167, 18, 8, 0),
(167, 18, 7, 0),
(167, 18, 6, 0),
(167, 18, 5, 0),
(167, 18, 4, 0),
(167, 18, 3, 0),
(167, 18, 2, 0),
(167, 18, 1, 0),
(167, 18, 0, 1),
(167, 17, 34, 1),
(167, 17, 33, 0),
(167, 17, 32, 0),
(167, 17, 31, 1),
(167, 17, 30, 0),
(167, 17, 29, 0),
(167, 17, 28, 0),
(167, 17, 27, 1),
(167, 17, 26, 0),
(167, 17, 25, 0),
(167, 17, 24, 1),
(167, 17, 23, 1),
(167, 17, 22, 0),
(167, 17, 21, 0),
(167, 17, 20, 0),
(167, 17, 19, 0),
(167, 17, 18, 0),
(167, 17, 17, 0),
(167, 17, 16, 1),
(167, 17, 15, 1),
(167, 17, 14, 0),
(167, 17, 13, 0),
(167, 17, 12, 0),
(167, 17, 11, 0),
(167, 17, 10, 0),
(167, 17, 9, 0),
(167, 17, 8, 0),
(167, 17, 7, 0),
(167, 17, 6, 0),
(167, 17, 5, 0),
(167, 17, 4, 0),
(167, 17, 3, 0),
(167, 17, 2, 0),
(167, 17, 1, 0),
(167, 17, 0, 1),
(167, 16, 34, 1),
(167, 16, 33, 0),
(167, 16, 32, 0),
(167, 16, 31, 1),
(167, 16, 30, 0),
(167, 16, 29, 0),
(167, 16, 28, 1),
(167, 16, 27, 1),
(167, 16, 26, 0),
(167, 16, 25, 0),
(167, 16, 24, 0),
(167, 16, 23, 1),
(167, 16, 22, 0),
(167, 16, 21, 0),
(167, 16, 20, 0),
(167, 16, 19, 1),
(167, 16, 18, 0),
(167, 16, 17, 0),
(167, 16, 16, 1),
(167, 16, 15, 1),
(167, 16, 14, 0),
(167, 16, 13, 0),
(167, 16, 12, 0),
(167, 16, 11, 0),
(167, 16, 10, 0),
(167, 16, 9, 0),
(167, 16, 8, 0),
(167, 16, 7, 1),
(167, 16, 6, 0),
(167, 16, 5, 0),
(167, 16, 4, 0),
(167, 16, 3, 0),
(167, 16, 2, 0),
(167, 16, 1, 0),
(167, 16, 0, 1),
(167, 15, 34, 1),
(167, 15, 33, 0),
(167, 15, 32, 0),
(167, 15, 31, 0),
(167, 15, 30, 0),
(167, 15, 29, 0),
(167, 15, 28, 1),
(167, 15, 27, 1),
(167, 15, 26, 0),
(167, 15, 25, 0),
(167, 15, 24, 0),
(167, 15, 23, 1),
(167, 15, 22, 1),
(167, 15, 21, 1),
(167, 15, 20, 1),
(167, 15, 19, 1),
(167, 15, 18, 0),
(167, 15, 17, 0),
(167, 15, 16, 1),
(167, 15, 15, 1),
(167, 15, 14, 0),
(167, 15, 13, 0),
(167, 15, 12, 0),
(167, 15, 11, 0),
(167, 15, 10, 0),
(167, 15, 9, 1),
(167, 15, 8, 1),
(167, 15, 7, 1),
(167, 15, 6, 0),
(167, 15, 5, 0),
(167, 15, 4, 0),
(167, 15, 3, 0),
(167, 15, 2, 0),
(167, 15, 1, 0),
(167, 15, 0, 1),
(167, 14, 34, 1),
(167, 14, 33, 0),
(167, 14, 32, 6),
(167, 14, 31, 0),
(167, 14, 30, 1),
(167, 14, 29, 0),
(167, 14, 28, 0),
(167, 14, 27, 0),
(167, 14, 26, 0),
(167, 14, 25, 0),
(167, 14, 24, 2),
(167, 14, 23, 0),
(167, 14, 22, 0),
(167, 14, 21, 0),
(167, 14, 20, 0),
(167, 14, 19, 0),
(167, 14, 18, 0),
(167, 14, 17, 0),
(167, 14, 16, 0),
(167, 14, 15, 0),
(167, 14, 14, 0),
(167, 14, 13, 0),
(167, 14, 12, 0),
(167, 14, 11, 0),
(167, 14, 10, 0),
(167, 14, 9, 1),
(167, 14, 8, 0),
(167, 14, 7, 0),
(167, 14, 6, 0),
(167, 14, 5, 0),
(167, 14, 4, 0),
(167, 14, 3, 0),
(167, 14, 2, 0),
(167, 14, 1, 0),
(167, 14, 0, 1),
(167, 13, 34, 1),
(167, 13, 33, 0),
(167, 13, 32, 0),
(167, 13, 31, 1),
(167, 13, 30, 1),
(167, 13, 29, 0),
(167, 13, 28, 0),
(167, 13, 27, 0),
(167, 13, 26, 0),
(167, 13, 25, 0),
(167, 13, 24, 0),
(167, 13, 23, 0),
(167, 13, 22, 0),
(167, 13, 21, 0),
(167, 13, 20, 0),
(167, 13, 19, 0),
(167, 13, 18, 0),
(167, 13, 17, 0),
(167, 13, 16, 0),
(167, 13, 15, 0),
(167, 13, 14, 0),
(167, 13, 13, 0),
(167, 13, 12, 0),
(167, 13, 11, 0),
(167, 13, 10, 0),
(167, 13, 9, 0),
(167, 13, 8, 0),
(167, 13, 7, 0),
(167, 13, 6, 0),
(167, 13, 5, 0),
(167, 13, 4, 0),
(167, 13, 3, 0),
(167, 13, 2, 0),
(167, 13, 1, 0),
(167, 13, 0, 1),
(167, 12, 34, 1),
(167, 12, 33, 0),
(167, 12, 32, 0),
(167, 12, 31, 0),
(167, 12, 30, 0),
(167, 12, 29, 0),
(167, 12, 28, 0),
(167, 12, 27, 0),
(167, 12, 26, 0),
(167, 12, 25, 0),
(167, 12, 24, 0),
(167, 12, 23, 0),
(167, 12, 22, 0),
(167, 12, 21, 0),
(167, 12, 20, 0),
(167, 12, 19, 0),
(167, 12, 18, 0),
(167, 12, 17, 1),
(167, 12, 16, 1),
(167, 12, 15, 0),
(167, 12, 14, 0),
(167, 12, 13, 1),
(167, 12, 12, 0),
(167, 12, 11, 0),
(167, 12, 10, 0),
(167, 12, 9, 1),
(167, 12, 8, 0),
(167, 12, 7, 0),
(167, 12, 6, 0),
(167, 12, 5, 0),
(167, 12, 4, 0),
(167, 12, 3, 0),
(167, 12, 2, 0),
(167, 12, 1, 0),
(167, 12, 0, 1),
(167, 11, 34, 1),
(167, 11, 33, 0),
(167, 11, 32, 0),
(167, 11, 31, 0),
(167, 11, 30, 0),
(167, 11, 29, 0),
(167, 11, 28, 0),
(167, 11, 27, 0),
(167, 11, 26, 0),
(167, 11, 25, 0),
(167, 11, 24, 0),
(167, 11, 23, 0),
(167, 11, 22, 0),
(167, 11, 21, 0),
(167, 11, 20, 0),
(167, 11, 19, 0),
(167, 11, 18, 0),
(167, 11, 17, 0),
(167, 11, 16, 1),
(167, 11, 15, 0),
(167, 11, 14, 1),
(167, 11, 13, 1),
(167, 11, 12, 0),
(167, 11, 11, 0),
(167, 11, 10, 0),
(167, 11, 9, 1),
(167, 11, 8, 1),
(167, 11, 7, 1),
(167, 11, 6, 1),
(167, 11, 5, 0),
(167, 11, 4, 0),
(167, 11, 3, 0),
(167, 11, 2, 0),
(167, 11, 1, 0),
(167, 11, 0, 1),
(167, 10, 34, 1),
(167, 10, 33, 0),
(167, 10, 32, 0),
(167, 10, 31, 0),
(167, 10, 30, 0),
(167, 10, 29, 0),
(167, 10, 28, 0),
(167, 10, 27, 0),
(167, 10, 26, 0),
(167, 10, 25, 0),
(167, 10, 24, 0),
(167, 10, 23, 0),
(167, 10, 22, 0),
(167, 10, 21, 0),
(167, 10, 20, 0),
(167, 10, 19, 0),
(167, 10, 18, 0),
(167, 10, 17, 1),
(167, 10, 16, 1),
(167, 10, 15, 0),
(167, 10, 14, 0),
(167, 10, 13, 0),
(167, 10, 12, 1),
(167, 10, 11, 0),
(167, 10, 10, 0),
(167, 10, 9, 0),
(167, 10, 8, 0),
(167, 10, 7, 0),
(167, 10, 6, 0),
(167, 10, 5, 0),
(167, 10, 4, 0),
(167, 10, 3, 0),
(167, 10, 2, 0),
(167, 10, 1, 0),
(167, 10, 0, 1),
(167, 9, 34, 1),
(167, 9, 33, 0),
(167, 9, 32, 0),
(167, 9, 31, 0),
(167, 9, 30, 0),
(167, 9, 29, 0),
(167, 9, 28, 0),
(167, 9, 27, 0),
(167, 9, 26, 0),
(167, 9, 25, 0),
(167, 9, 24, 0),
(167, 9, 23, 0),
(167, 9, 22, 0),
(167, 9, 21, 0),
(167, 9, 20, 0),
(167, 9, 19, 0),
(167, 9, 18, 0),
(167, 9, 17, 1),
(167, 9, 16, 1),
(167, 9, 15, 1),
(167, 9, 14, 0),
(167, 9, 13, 1),
(167, 9, 12, 1),
(167, 9, 11, 0),
(167, 9, 10, 0),
(167, 9, 9, 0),
(167, 9, 8, 0),
(167, 9, 7, 0),
(167, 9, 6, 0),
(167, 9, 5, 0),
(167, 9, 4, 0),
(167, 9, 3, 0),
(167, 9, 2, 0),
(167, 9, 1, 0),
(167, 9, 0, 1),
(167, 8, 34, 1),
(167, 8, 33, 0),
(167, 8, 32, 0),
(167, 8, 31, 0),
(167, 8, 30, 0),
(167, 8, 29, 0),
(167, 8, 28, 0),
(167, 8, 27, 0),
(167, 8, 26, 0),
(167, 8, 25, 0),
(167, 8, 24, 0),
(167, 8, 23, 2),
(167, 8, 22, 0),
(167, 8, 21, 0),
(167, 8, 20, 0),
(167, 8, 19, 0),
(167, 8, 18, 0),
(167, 8, 17, 0),
(167, 8, 16, 0),
(167, 8, 15, 1),
(167, 8, 14, 0),
(167, 8, 13, 0),
(167, 8, 12, 0),
(167, 8, 11, 0),
(167, 8, 10, 1),
(167, 8, 9, 0),
(167, 8, 8, 0),
(167, 8, 7, 0),
(167, 8, 6, 0),
(167, 8, 5, 1),
(167, 8, 4, 0),
(167, 8, 3, 0),
(167, 8, 2, 0),
(167, 8, 1, 0),
(167, 8, 0, 1),
(167, 7, 34, 1),
(167, 7, 33, 0),
(167, 7, 32, 0),
(167, 7, 31, 0),
(167, 7, 30, 1),
(167, 7, 29, 1),
(167, 7, 28, 0),
(167, 7, 27, 0),
(167, 7, 26, 0),
(167, 7, 25, 0),
(167, 7, 24, 0),
(167, 7, 23, 0),
(167, 7, 22, 0),
(167, 7, 21, 0),
(167, 7, 20, 0),
(167, 7, 19, 0),
(167, 7, 18, 0),
(167, 7, 17, 0),
(167, 7, 16, 0),
(167, 7, 15, 1),
(167, 7, 14, 0),
(167, 7, 13, 0),
(167, 7, 12, 0),
(167, 7, 11, 0),
(167, 7, 10, 1),
(167, 7, 9, 0),
(167, 7, 8, 0),
(167, 7, 7, 0),
(167, 7, 6, 0),
(167, 7, 5, 1),
(167, 7, 4, 0),
(167, 7, 3, 0),
(167, 7, 2, 0),
(167, 7, 1, 0),
(167, 7, 0, 1),
(167, 6, 34, 1),
(167, 6, 33, 0),
(167, 6, 32, 0),
(167, 6, 31, 0),
(167, 6, 30, 1),
(167, 6, 29, 1),
(167, 6, 28, 0),
(167, 6, 27, 0),
(167, 6, 26, 0),
(167, 6, 25, 0),
(167, 6, 24, 0),
(167, 6, 23, 0),
(167, 6, 22, 0),
(167, 6, 21, 0),
(167, 6, 20, 0),
(167, 6, 19, 0),
(167, 6, 18, 0),
(167, 6, 17, 0),
(167, 6, 16, 0),
(167, 6, 15, 1),
(167, 6, 14, 0),
(167, 6, 13, 0),
(167, 6, 12, 0),
(167, 6, 11, 0),
(167, 6, 10, 0),
(167, 6, 9, 0),
(167, 6, 8, 0),
(167, 6, 7, 1),
(167, 6, 6, 0),
(167, 6, 5, 1),
(167, 6, 4, 1),
(167, 6, 3, 0),
(167, 6, 2, 0),
(167, 6, 1, 0),
(167, 6, 0, 1),
(167, 5, 34, 1),
(167, 5, 33, 0),
(167, 5, 32, 0),
(167, 5, 31, 0),
(167, 5, 30, 1),
(167, 5, 29, 1),
(167, 5, 28, 1),
(167, 5, 27, 1),
(167, 5, 26, 2),
(167, 5, 25, 0),
(167, 5, 24, 0),
(167, 5, 23, 0),
(167, 5, 22, 0),
(167, 5, 21, 0),
(167, 5, 20, 0),
(167, 5, 19, 0),
(167, 5, 18, 0),
(167, 5, 17, 0),
(167, 5, 16, 1),
(167, 5, 15, 1),
(167, 5, 14, 0),
(167, 5, 13, 0),
(167, 5, 12, 0),
(167, 5, 11, 0),
(167, 5, 10, 0),
(167, 5, 9, 0),
(167, 5, 8, 0),
(167, 5, 7, 1),
(167, 5, 6, 1),
(167, 5, 5, 1),
(167, 5, 4, 1),
(167, 5, 3, 0),
(167, 5, 2, 0),
(167, 5, 1, 0),
(167, 5, 0, 1),
(167, 4, 34, 1),
(167, 4, 33, 0),
(167, 4, 32, 0),
(167, 4, 31, 0),
(167, 4, 30, 0),
(167, 4, 29, 1),
(167, 4, 28, 1),
(167, 4, 27, 1),
(167, 4, 26, 0),
(167, 4, 25, 0),
(167, 4, 24, 0),
(167, 4, 23, 1),
(167, 4, 22, 1),
(167, 4, 21, 0),
(167, 4, 20, 0),
(167, 4, 19, 0),
(167, 4, 18, 0),
(167, 4, 17, 0),
(167, 4, 16, 1),
(167, 4, 15, 1),
(167, 4, 14, 0),
(167, 4, 13, 0),
(167, 4, 12, 0),
(167, 4, 11, 0),
(167, 4, 10, 0),
(167, 4, 9, 0),
(167, 4, 8, 0),
(167, 4, 7, 0),
(167, 4, 6, 0),
(167, 4, 5, 0),
(167, 4, 4, 0),
(167, 4, 3, 0),
(167, 4, 2, 0),
(167, 4, 1, 0),
(167, 4, 0, 1),
(167, 3, 34, 1),
(167, 3, 33, 0),
(167, 3, 32, 0),
(167, 3, 31, 0),
(167, 3, 30, 1),
(167, 3, 29, 1),
(167, 3, 28, 0),
(167, 3, 27, 0),
(167, 3, 26, 0),
(167, 3, 25, 0),
(167, 3, 24, 2),
(167, 3, 23, 0),
(167, 3, 22, 1),
(167, 3, 21, 1),
(167, 3, 20, 0),
(167, 3, 19, 0),
(167, 3, 18, 0),
(167, 3, 17, 0),
(167, 3, 16, 0),
(167, 3, 15, 0),
(167, 3, 14, 0),
(167, 3, 13, 0),
(167, 3, 12, 0),
(167, 3, 11, 0),
(167, 3, 10, 0),
(167, 3, 9, 0),
(167, 3, 8, 0),
(167, 3, 7, 0),
(167, 3, 6, 0),
(167, 3, 5, 0),
(167, 3, 4, 0),
(167, 3, 3, 0),
(167, 3, 2, 0),
(167, 3, 1, 5),
(167, 3, 0, 1),
(167, 2, 34, 1),
(167, 2, 33, 0),
(167, 2, 32, 0),
(167, 2, 31, 0),
(167, 2, 30, 1),
(167, 2, 29, 1),
(167, 2, 28, 0),
(167, 2, 27, 0),
(167, 2, 26, 0),
(167, 2, 25, 0),
(167, 2, 24, 0),
(167, 2, 23, 0),
(167, 2, 22, 1),
(167, 2, 21, 1),
(167, 2, 20, 0),
(167, 2, 19, 0),
(167, 2, 18, 0),
(167, 2, 17, 0),
(167, 2, 16, 0),
(167, 2, 15, 0),
(167, 2, 14, 0),
(167, 2, 13, 0),
(167, 2, 12, 0),
(167, 2, 11, 2),
(167, 2, 10, 0),
(167, 2, 9, 0),
(167, 2, 8, 0),
(167, 2, 7, 0),
(167, 2, 6, 0),
(167, 2, 5, 0),
(167, 2, 4, 0),
(167, 2, 3, 0),
(167, 2, 2, 0),
(167, 2, 1, 0),
(167, 2, 0, 1),
(167, 1, 34, 1),
(167, 1, 33, 0),
(167, 1, 32, 0),
(167, 1, 31, 0),
(167, 1, 30, 0),
(167, 1, 29, 0),
(167, 1, 28, 0),
(167, 1, 27, 0),
(167, 1, 26, 0),
(167, 1, 25, 0),
(167, 1, 24, 0),
(167, 1, 23, 0),
(167, 1, 22, 0),
(167, 1, 21, 0),
(167, 1, 20, 0),
(167, 1, 19, 0),
(167, 1, 18, 0),
(167, 1, 17, 0),
(167, 1, 16, 0),
(167, 1, 15, 0),
(167, 1, 14, 0),
(167, 1, 13, 0),
(167, 1, 12, 0),
(167, 1, 11, 0),
(167, 1, 10, 0),
(167, 1, 9, 0),
(167, 1, 8, 0),
(167, 1, 7, 0),
(167, 1, 6, 0),
(167, 1, 5, 0),
(167, 1, 4, 0),
(167, 1, 3, 0),
(167, 1, 2, 0),
(167, 1, 1, 0),
(167, 1, 0, 1),
(167, 0, 34, 1),
(167, 0, 33, 1),
(167, 0, 32, 1),
(167, 0, 31, 1),
(167, 0, 30, 1),
(167, 0, 29, 1),
(167, 0, 28, 1),
(167, 0, 27, 1),
(167, 0, 26, 1),
(167, 0, 25, 1),
(167, 0, 24, 1),
(167, 0, 23, 1),
(167, 0, 22, 1),
(167, 0, 21, 1),
(167, 0, 20, 1),
(167, 0, 19, 1),
(167, 0, 18, 1),
(167, 0, 17, 0),
(167, 0, 16, 0),
(167, 0, 15, 0),
(167, 0, 14, 0),
(167, 0, 13, 0),
(167, 0, 12, 0),
(167, 0, 11, 0),
(167, 0, 10, 0),
(167, 0, 9, 0),
(167, 0, 8, 1),
(167, 0, 7, 1),
(167, 0, 6, 1),
(167, 0, 5, 1),
(167, 0, 4, 1),
(167, 0, 3, 1),
(167, 0, 2, 1),
(167, 0, 1, 1),
(167, 0, 0, 1),
(163, 29, 34, 1),
(163, 29, 33, 1),
(163, 29, 32, 1),
(163, 29, 31, 1),
(163, 29, 30, 1),
(163, 29, 29, 1),
(163, 29, 28, 1),
(163, 29, 27, 1),
(163, 29, 26, 1),
(163, 29, 25, 1),
(163, 29, 24, 0),
(163, 29, 23, 0),
(163, 29, 22, 0),
(163, 29, 21, 0),
(163, 29, 20, 0),
(163, 29, 19, 0),
(163, 29, 18, 0),
(163, 29, 17, 0),
(163, 29, 16, 0),
(163, 29, 15, 0),
(163, 29, 14, 0),
(163, 29, 13, 0),
(163, 29, 12, 0),
(163, 29, 11, 0),
(163, 29, 10, 1),
(163, 29, 9, 1),
(163, 29, 8, 1),
(163, 29, 7, 1),
(163, 29, 6, 1),
(163, 29, 5, 1),
(163, 29, 4, 1),
(163, 29, 3, 1),
(163, 29, 2, 1),
(163, 29, 1, 1),
(163, 29, 0, 1),
(163, 28, 34, 1),
(163, 28, 33, 0),
(163, 28, 32, 0),
(163, 28, 31, 0),
(163, 28, 30, 0),
(163, 28, 29, 0),
(163, 28, 28, 0),
(163, 28, 27, 0),
(163, 28, 26, 0),
(163, 28, 25, 0),
(163, 28, 24, 0),
(163, 28, 23, 0),
(163, 28, 22, 0),
(163, 28, 21, 0),
(163, 28, 20, 0),
(163, 28, 19, 0),
(163, 28, 18, 0),
(163, 28, 17, 0),
(163, 28, 16, 0),
(163, 28, 15, 0),
(163, 28, 14, 0),
(163, 28, 13, 0),
(163, 28, 12, 0),
(163, 28, 11, 0),
(163, 28, 10, 0),
(163, 28, 9, 0),
(163, 28, 8, 0),
(163, 28, 7, 0),
(163, 28, 6, 0),
(163, 28, 5, 0),
(163, 28, 4, 0),
(163, 28, 3, 0),
(163, 28, 2, 0),
(163, 28, 1, 0),
(163, 28, 0, 1),
(163, 27, 34, 1),
(163, 27, 33, 0),
(163, 27, 32, 0),
(163, 27, 31, 0),
(163, 27, 30, 0),
(163, 27, 29, 0),
(163, 27, 28, 0),
(163, 27, 27, 0),
(163, 27, 26, 0),
(163, 27, 25, 0),
(163, 27, 24, 0),
(163, 27, 23, 0),
(163, 27, 22, 0),
(163, 27, 21, 0),
(163, 27, 20, 0),
(163, 27, 19, 0),
(163, 27, 18, 0),
(163, 27, 17, 0),
(163, 27, 16, 0),
(163, 27, 15, 0),
(163, 27, 14, 0),
(163, 27, 13, 1),
(163, 27, 12, 0),
(163, 27, 11, 0),
(163, 27, 10, 1),
(163, 27, 9, 0),
(163, 27, 8, 2),
(163, 27, 7, 0),
(163, 27, 6, 0),
(163, 27, 5, 0),
(163, 27, 4, 0),
(163, 27, 3, 0),
(163, 27, 2, 0),
(163, 27, 1, 0),
(163, 27, 0, 1),
(163, 26, 34, 1),
(163, 26, 33, 0),
(163, 26, 32, 0),
(163, 26, 31, 0),
(163, 26, 30, 0),
(163, 26, 29, 0),
(163, 26, 28, 0),
(163, 26, 27, 0),
(163, 26, 26, 0),
(163, 26, 25, 0),
(163, 26, 24, 0),
(163, 26, 23, 0),
(163, 26, 22, 0),
(163, 26, 21, 0),
(163, 26, 20, 0),
(163, 26, 19, 0),
(163, 26, 18, 0),
(163, 26, 17, 0),
(163, 26, 16, 0),
(163, 26, 15, 0),
(163, 26, 14, 0),
(163, 26, 13, 1),
(163, 26, 12, 1),
(163, 26, 11, 1),
(163, 26, 10, 1),
(163, 26, 9, 0),
(163, 26, 8, 0),
(163, 26, 7, 0),
(163, 26, 6, 0),
(163, 26, 5, 0),
(163, 26, 4, 0),
(163, 26, 3, 0),
(163, 26, 2, 0),
(163, 26, 1, 0),
(163, 26, 0, 1),
(163, 25, 34, 1),
(163, 25, 33, 0),
(163, 25, 32, 0),
(163, 25, 31, 0),
(163, 25, 30, 0),
(163, 25, 29, 0),
(163, 25, 28, 0),
(163, 25, 27, 0),
(163, 25, 26, 0),
(163, 25, 25, 0),
(163, 25, 24, 0),
(163, 25, 23, 0),
(163, 25, 22, 0),
(163, 25, 21, 0),
(163, 25, 20, 0),
(163, 25, 19, 0),
(163, 25, 18, 0),
(163, 25, 17, 0),
(163, 25, 16, 0),
(163, 25, 15, 7),
(163, 25, 14, 0),
(163, 25, 13, 0),
(163, 25, 12, 0),
(163, 25, 11, 0),
(163, 25, 10, 0),
(163, 25, 9, 0),
(163, 25, 8, 0),
(163, 25, 7, 0),
(163, 25, 6, 0),
(163, 25, 5, 0),
(163, 25, 4, 0),
(163, 25, 3, 0),
(163, 25, 2, 0),
(163, 25, 1, 0),
(163, 25, 0, 1),
(163, 24, 34, 1),
(163, 24, 33, 3),
(163, 24, 32, 1),
(163, 24, 31, 1),
(163, 24, 30, 0),
(163, 24, 29, 0),
(163, 24, 28, 0),
(163, 24, 27, 0),
(163, 24, 26, 0),
(163, 24, 25, 0),
(163, 24, 24, 0),
(163, 24, 23, 0),
(163, 24, 22, 0),
(163, 24, 21, 0),
(163, 24, 20, 0),
(163, 24, 19, 0),
(163, 24, 18, 0),
(163, 24, 17, 1),
(163, 24, 16, 0),
(163, 24, 15, 0),
(163, 24, 14, 0),
(163, 24, 13, 0),
(163, 24, 12, 0),
(163, 24, 11, 0),
(163, 24, 10, 0),
(163, 24, 9, 0),
(163, 24, 8, 0),
(163, 24, 7, 0),
(163, 24, 6, 5),
(163, 24, 5, 0),
(163, 24, 4, 0),
(163, 24, 3, 0),
(163, 24, 2, 0),
(163, 24, 1, 0),
(163, 24, 0, 1),
(163, 23, 34, 1),
(163, 23, 33, 0),
(163, 23, 32, 1),
(163, 23, 31, 0),
(163, 23, 30, 0),
(163, 23, 29, 0),
(163, 23, 28, 0),
(163, 23, 27, 0),
(163, 23, 26, 0),
(163, 23, 25, 0),
(163, 23, 24, 0),
(163, 23, 23, 0),
(163, 23, 22, 0),
(163, 23, 21, 0),
(163, 23, 20, 4),
(163, 23, 19, 0),
(163, 23, 18, 0),
(163, 23, 17, 1),
(163, 23, 16, 0),
(163, 23, 15, 0),
(163, 23, 14, 0),
(163, 23, 13, 0),
(163, 23, 12, 0),
(163, 23, 11, 0),
(163, 23, 10, 0),
(163, 23, 9, 0),
(163, 23, 8, 0),
(163, 23, 7, 0),
(163, 23, 6, 0),
(163, 23, 5, 0),
(163, 23, 4, 0),
(163, 23, 3, 0),
(163, 23, 2, 0),
(163, 23, 1, 0),
(163, 23, 0, 1),
(163, 22, 34, 1),
(163, 22, 33, 0),
(163, 22, 32, 1),
(163, 22, 31, 0),
(163, 22, 30, 0),
(163, 22, 29, 0),
(163, 22, 28, 0),
(163, 22, 27, 0),
(163, 22, 26, 0),
(163, 22, 25, 0),
(163, 22, 24, 0),
(163, 22, 23, 0),
(163, 22, 22, 0),
(163, 22, 21, 0),
(163, 22, 20, 0),
(163, 22, 19, 0),
(163, 22, 18, 0),
(163, 22, 17, 1),
(163, 22, 16, 1),
(163, 22, 15, 0),
(163, 22, 14, 0),
(163, 22, 13, 0),
(163, 22, 12, 0),
(163, 22, 11, 0),
(163, 22, 10, 0),
(163, 22, 9, 0),
(163, 22, 8, 0),
(163, 22, 7, 0),
(163, 22, 6, 0),
(163, 22, 5, 0),
(163, 22, 4, 0),
(163, 22, 3, 0),
(163, 22, 2, 0),
(163, 22, 1, 0),
(163, 22, 0, 1),
(163, 21, 34, 1),
(163, 21, 33, 0),
(163, 21, 32, 1),
(163, 21, 31, 1),
(163, 21, 30, 0),
(163, 21, 29, 0),
(163, 21, 28, 0),
(163, 21, 27, 0),
(163, 21, 26, 0),
(163, 21, 25, 0),
(163, 21, 24, 0),
(163, 21, 23, 0),
(163, 21, 22, 0),
(163, 21, 21, 0),
(163, 21, 20, 0),
(163, 21, 19, 0),
(163, 21, 18, 0),
(163, 21, 17, 0),
(163, 21, 16, 1),
(163, 21, 15, 0),
(163, 21, 14, 0),
(163, 21, 13, 1),
(163, 21, 12, 0),
(163, 21, 11, 0),
(163, 21, 10, 0),
(163, 21, 9, 0),
(163, 21, 8, 0),
(163, 21, 7, 0),
(163, 21, 6, 0),
(163, 21, 5, 0),
(163, 21, 4, 0),
(163, 21, 3, 1),
(163, 21, 2, 0),
(163, 21, 1, 0),
(163, 21, 0, 1),
(163, 20, 34, 1),
(163, 20, 33, 0),
(163, 20, 32, 0),
(163, 20, 31, 0),
(163, 20, 30, 0),
(163, 20, 29, 0),
(163, 20, 28, 0),
(163, 20, 27, 0),
(163, 20, 26, 0),
(163, 20, 25, 0),
(163, 20, 24, 0),
(163, 20, 23, 9),
(163, 20, 22, 0),
(163, 20, 21, 0),
(163, 20, 20, 0),
(163, 20, 19, 0),
(163, 20, 18, 0),
(163, 20, 17, 0),
(163, 20, 16, 1),
(163, 20, 15, 1),
(163, 20, 14, 1),
(163, 20, 13, 1),
(163, 20, 12, 0),
(163, 20, 11, 0),
(163, 20, 10, 0),
(163, 20, 9, 0),
(163, 20, 8, 0),
(163, 20, 7, 0),
(163, 20, 6, 0),
(163, 20, 5, 0),
(163, 20, 4, 1),
(163, 20, 3, 1),
(163, 20, 2, 0),
(163, 20, 1, 0),
(163, 20, 0, 1),
(163, 19, 34, 1),
(163, 19, 33, 0),
(163, 19, 32, 0),
(163, 19, 31, 0),
(163, 19, 30, 0),
(163, 19, 29, 0),
(163, 19, 28, 0),
(163, 19, 27, 0),
(163, 19, 26, 0),
(163, 19, 25, 0),
(163, 19, 24, 0),
(163, 19, 23, 0),
(163, 19, 22, 0),
(163, 19, 21, 0),
(163, 19, 20, 0),
(163, 19, 19, 0),
(163, 19, 18, 0),
(163, 19, 17, 0),
(163, 19, 16, 0),
(163, 19, 15, 0),
(163, 19, 14, 0),
(163, 19, 13, 0),
(163, 19, 12, 0),
(163, 19, 11, 0),
(163, 19, 10, 0),
(163, 19, 9, 0),
(163, 19, 8, 0),
(163, 19, 7, 0),
(163, 19, 6, 1),
(163, 19, 5, 1),
(163, 19, 4, 0),
(163, 19, 3, 0),
(163, 19, 2, 0),
(163, 19, 1, 0),
(163, 19, 0, 1),
(163, 18, 34, 1),
(163, 18, 33, 0),
(163, 18, 32, 0),
(163, 18, 31, 0),
(163, 18, 30, 0),
(163, 18, 29, 0),
(163, 18, 28, 0),
(163, 18, 27, 0),
(163, 18, 26, 0),
(163, 18, 25, 0),
(163, 18, 24, 0),
(163, 18, 23, 0),
(163, 18, 22, 0),
(163, 18, 21, 0),
(163, 18, 20, 0),
(163, 18, 19, 0),
(163, 18, 18, 0),
(163, 18, 17, 0),
(163, 18, 16, 0),
(163, 18, 15, 0),
(163, 18, 14, 0),
(163, 18, 13, 1),
(163, 18, 12, 0),
(163, 18, 11, 0),
(163, 18, 10, 0),
(163, 18, 9, 0),
(163, 18, 8, 0),
(163, 18, 7, 0),
(163, 18, 6, 1),
(163, 18, 5, 1),
(163, 18, 4, 0),
(163, 18, 3, 0),
(163, 18, 2, 0),
(163, 18, 1, 0),
(163, 18, 0, 1),
(163, 17, 34, 1),
(163, 17, 33, 0),
(163, 17, 32, 0),
(163, 17, 31, 0),
(163, 17, 30, 0),
(163, 17, 29, 0),
(163, 17, 28, 0),
(163, 17, 27, 0),
(163, 17, 26, 0),
(163, 17, 25, 0),
(163, 17, 24, 0),
(163, 17, 23, 0),
(163, 17, 22, 0),
(163, 17, 21, 0),
(163, 17, 20, 0),
(163, 17, 19, 0),
(163, 17, 18, 1),
(163, 17, 17, 1),
(163, 17, 16, 1),
(163, 17, 15, 0),
(163, 17, 14, 0),
(163, 17, 13, 1),
(163, 17, 12, 0),
(163, 17, 11, 0),
(163, 17, 10, 1),
(163, 17, 9, 0),
(163, 17, 8, 0),
(163, 17, 7, 0),
(163, 17, 6, 0),
(163, 17, 5, 0),
(163, 17, 4, 0),
(163, 17, 3, 0),
(163, 17, 2, 0),
(163, 17, 1, 0),
(163, 17, 0, 1),
(163, 16, 34, 1),
(163, 16, 33, 0),
(163, 16, 32, 0),
(163, 16, 31, 0),
(163, 16, 30, 0),
(163, 16, 29, 0),
(163, 16, 28, 0),
(163, 16, 27, 0),
(163, 16, 26, 1),
(163, 16, 25, 0),
(163, 16, 24, 0),
(163, 16, 23, 0),
(163, 16, 22, 0),
(163, 16, 21, 0),
(163, 16, 20, 0),
(163, 16, 19, 0),
(163, 16, 18, 1),
(163, 16, 17, 1),
(163, 16, 16, 1),
(163, 16, 15, 0),
(163, 16, 14, 0),
(163, 16, 13, 0),
(163, 16, 12, 0),
(163, 16, 11, 0),
(163, 16, 10, 1),
(163, 16, 9, 1),
(163, 16, 8, 1),
(163, 16, 7, 1),
(163, 16, 6, 1),
(163, 16, 5, 0),
(163, 16, 4, 0),
(163, 16, 3, 0),
(163, 16, 2, 0),
(163, 16, 1, 0),
(163, 16, 0, 1),
(163, 15, 34, 1),
(163, 15, 33, 0),
(163, 15, 32, 1),
(163, 15, 31, 1),
(163, 15, 30, 1),
(163, 15, 29, 0),
(163, 15, 28, 0),
(163, 15, 27, 0),
(163, 15, 26, 1),
(163, 15, 25, 0),
(163, 15, 24, 0),
(163, 15, 23, 0),
(163, 15, 22, 0),
(163, 15, 21, 1),
(163, 15, 20, 0),
(163, 15, 19, 0),
(163, 15, 18, 0),
(163, 15, 17, 0),
(163, 15, 16, 0),
(163, 15, 15, 0),
(163, 15, 14, 0),
(163, 15, 13, 0),
(163, 15, 12, 0),
(163, 15, 11, 0),
(163, 15, 10, 0),
(163, 15, 9, 0),
(163, 15, 8, 0),
(163, 15, 7, 1),
(163, 15, 6, 0),
(163, 15, 5, 0),
(163, 15, 4, 1),
(163, 15, 3, 0),
(163, 15, 2, 2),
(163, 15, 1, 0),
(163, 15, 0, 1),
(163, 14, 34, 1),
(163, 14, 33, 0),
(163, 14, 32, 1),
(163, 14, 31, 0),
(163, 14, 30, 0),
(163, 14, 29, 0),
(163, 14, 28, 0),
(163, 14, 27, 0),
(163, 14, 26, 1),
(163, 14, 25, 1),
(163, 14, 24, 1),
(163, 14, 23, 1),
(163, 14, 22, 1),
(163, 14, 21, 1),
(163, 14, 20, 0),
(163, 14, 19, 0),
(163, 14, 18, 0),
(163, 14, 17, 0),
(163, 14, 16, 0),
(163, 14, 15, 0),
(163, 14, 14, 1),
(163, 14, 13, 0),
(163, 14, 12, 0),
(163, 14, 11, 0),
(163, 14, 10, 0),
(163, 14, 9, 0),
(163, 14, 8, 0),
(163, 14, 7, 1),
(163, 14, 6, 1),
(163, 14, 5, 0),
(163, 14, 4, 1),
(163, 14, 3, 1),
(163, 14, 2, 0),
(163, 14, 1, 0),
(163, 14, 0, 1),
(163, 13, 34, 0),
(163, 13, 33, 0),
(163, 13, 32, 1),
(163, 13, 31, 1),
(163, 13, 30, 0),
(163, 13, 29, 0),
(163, 13, 28, 0),
(163, 13, 27, 0),
(163, 13, 26, 1),
(163, 13, 25, 1),
(163, 13, 24, 0),
(163, 13, 23, 0),
(163, 13, 22, 0),
(163, 13, 21, 0),
(163, 13, 20, 0),
(163, 13, 19, 0),
(163, 13, 18, 0),
(163, 13, 17, 0),
(163, 13, 16, 0),
(163, 13, 15, 1),
(163, 13, 14, 1),
(163, 13, 13, 0),
(163, 13, 12, 0),
(163, 13, 11, 0),
(163, 13, 10, 0),
(163, 13, 9, 0),
(163, 13, 8, 2),
(163, 13, 7, 0),
(163, 13, 6, 1),
(163, 13, 5, 0),
(163, 13, 4, 0),
(163, 13, 3, 0),
(163, 13, 2, 0),
(163, 13, 1, 0),
(163, 13, 0, 0),
(163, 12, 34, 0),
(163, 12, 33, 0),
(163, 12, 32, 1),
(163, 12, 31, 1),
(163, 12, 30, 0),
(163, 12, 29, 0),
(163, 12, 28, 0),
(163, 12, 27, 0),
(163, 12, 26, 1),
(163, 12, 25, 1),
(163, 12, 24, 0),
(163, 12, 23, 0),
(163, 12, 22, 0),
(163, 12, 21, 0),
(163, 12, 20, 0),
(163, 12, 19, 0),
(163, 12, 18, 0),
(163, 12, 17, 0),
(163, 12, 16, 0),
(163, 12, 15, 1),
(163, 12, 14, 1),
(163, 12, 13, 0),
(163, 12, 12, 0),
(163, 12, 11, 0),
(163, 12, 10, 1),
(163, 12, 9, 0),
(163, 12, 8, 0),
(163, 12, 7, 0),
(163, 12, 6, 1),
(163, 12, 5, 0),
(163, 12, 4, 0),
(163, 12, 3, 0),
(163, 12, 2, 0),
(163, 12, 1, 0),
(163, 12, 0, 0),
(163, 11, 34, 0),
(163, 11, 33, 0),
(163, 11, 32, 0),
(163, 11, 31, 0),
(163, 11, 30, 0),
(163, 11, 29, 0),
(163, 11, 28, 0),
(163, 11, 27, 0),
(163, 11, 26, 0),
(163, 11, 25, 0),
(163, 11, 24, 0),
(163, 11, 23, 0),
(163, 11, 22, 0),
(163, 11, 21, 0),
(163, 11, 20, 0),
(163, 11, 19, 0),
(163, 11, 18, 0),
(163, 11, 17, 0),
(163, 11, 16, 0),
(163, 11, 15, 0),
(163, 11, 14, 0),
(163, 11, 13, 0),
(163, 11, 12, 1),
(163, 11, 11, 1),
(163, 11, 10, 1),
(163, 11, 9, 0),
(163, 11, 8, 0),
(163, 11, 7, 0),
(163, 11, 6, 1),
(163, 11, 5, 1),
(163, 11, 4, 1),
(163, 11, 3, 1),
(163, 11, 2, 1),
(163, 11, 1, 0),
(163, 11, 0, 0),
(163, 10, 34, 0),
(163, 10, 33, 0),
(163, 10, 32, 0),
(163, 10, 31, 0),
(163, 10, 30, 0),
(163, 10, 29, 0),
(163, 10, 28, 0),
(163, 10, 27, 0),
(163, 10, 26, 0),
(163, 10, 25, 0),
(163, 10, 24, 0),
(163, 10, 23, 0),
(163, 10, 22, 0),
(163, 10, 21, 0),
(163, 10, 20, 0),
(163, 10, 19, 0),
(163, 10, 18, 0),
(163, 10, 17, 0),
(163, 10, 16, 0),
(163, 10, 15, 1),
(163, 10, 14, 1),
(163, 10, 13, 1),
(163, 10, 12, 1),
(163, 10, 11, 0),
(163, 10, 10, 0),
(163, 10, 9, 0),
(163, 10, 8, 0),
(163, 10, 7, 0),
(163, 10, 6, 1),
(163, 10, 5, 1),
(163, 10, 4, 1),
(163, 10, 3, 1),
(163, 10, 2, 1),
(163, 10, 1, 0),
(163, 10, 0, 0),
(163, 9, 34, 0),
(163, 9, 33, 0),
(163, 9, 32, 0),
(163, 9, 31, 0),
(163, 9, 30, 0),
(163, 9, 29, 0),
(163, 9, 28, 0),
(163, 9, 27, 0),
(163, 9, 26, 0),
(163, 9, 25, 0),
(163, 9, 24, 0),
(163, 9, 23, 0),
(163, 9, 22, 0),
(163, 9, 21, 0),
(163, 9, 20, 0),
(163, 9, 19, 0),
(163, 9, 18, 0),
(163, 9, 17, 0),
(163, 9, 16, 0),
(163, 9, 15, 0),
(163, 9, 14, 0),
(163, 9, 13, 1),
(163, 9, 12, 0),
(163, 9, 11, 0),
(163, 9, 10, 0),
(163, 9, 9, 0),
(163, 9, 8, 0),
(163, 9, 7, 0),
(163, 9, 6, 0),
(163, 9, 5, 0),
(163, 9, 4, 1),
(163, 9, 3, 1),
(163, 9, 2, 1),
(163, 9, 1, 0),
(163, 9, 0, 0),
(163, 8, 34, 0),
(163, 8, 33, 0),
(163, 8, 32, 1),
(163, 8, 31, 1),
(163, 8, 30, 0),
(163, 8, 29, 0),
(163, 8, 28, 0),
(163, 8, 27, 0),
(163, 8, 26, 0),
(163, 8, 25, 0),
(163, 8, 24, 0),
(163, 8, 23, 0),
(163, 8, 22, 0),
(163, 8, 21, 0),
(163, 8, 20, 0),
(163, 8, 19, 0),
(163, 8, 18, 0),
(163, 8, 17, 0),
(163, 8, 16, 1),
(163, 8, 15, 0),
(163, 8, 14, 0),
(163, 8, 13, 1),
(163, 8, 12, 1),
(163, 8, 11, 0),
(163, 8, 10, 0),
(163, 8, 9, 0),
(163, 8, 8, 0),
(163, 8, 7, 0),
(163, 8, 6, 0),
(163, 8, 5, 0),
(163, 8, 4, 0),
(163, 8, 3, 0),
(163, 8, 2, 0),
(163, 8, 1, 0),
(163, 8, 0, 0),
(163, 7, 34, 0),
(163, 7, 33, 0),
(163, 7, 32, 1),
(163, 7, 31, 0),
(163, 7, 30, 0),
(163, 7, 29, 0),
(163, 7, 28, 0),
(163, 7, 27, 0),
(163, 7, 26, 0),
(163, 7, 25, 0),
(163, 7, 24, 0),
(163, 7, 23, 0),
(163, 7, 22, 0),
(163, 7, 21, 0),
(163, 7, 20, 0),
(163, 7, 19, 0),
(163, 7, 18, 0),
(163, 7, 17, 0),
(163, 7, 16, 1),
(163, 7, 15, 0),
(163, 7, 14, 0),
(163, 7, 13, 0),
(163, 7, 12, 1),
(163, 7, 11, 0),
(163, 7, 10, 0),
(163, 7, 9, 0),
(163, 7, 8, 0),
(163, 7, 7, 0),
(163, 7, 6, 0),
(163, 7, 5, 0),
(163, 7, 4, 0),
(163, 7, 3, 0),
(163, 7, 2, 0),
(163, 7, 1, 0),
(163, 7, 0, 0),
(163, 6, 34, 0),
(163, 6, 33, 0),
(163, 6, 32, 1),
(163, 6, 31, 0),
(163, 6, 30, 0),
(163, 6, 29, 0),
(163, 6, 28, 0),
(163, 6, 27, 0),
(163, 6, 26, 1),
(163, 6, 25, 0),
(163, 6, 24, 0),
(163, 6, 23, 0),
(163, 6, 22, 0),
(163, 6, 21, 0),
(163, 6, 20, 0),
(163, 6, 19, 0),
(163, 6, 18, 0),
(163, 6, 17, 1),
(163, 6, 16, 1),
(163, 6, 15, 0),
(163, 6, 14, 0),
(163, 6, 13, 0),
(163, 6, 12, 0),
(163, 6, 11, 0),
(163, 6, 10, 0),
(163, 6, 9, 0),
(163, 6, 8, 0),
(163, 6, 7, 0),
(163, 6, 6, 0),
(163, 6, 5, 0),
(163, 6, 4, 0),
(163, 6, 3, 0),
(163, 6, 2, 0),
(163, 6, 1, 0),
(163, 6, 0, 0),
(163, 5, 34, 0),
(163, 5, 33, 0),
(163, 5, 32, 1),
(163, 5, 31, 0),
(163, 5, 30, 1),
(163, 5, 29, 0),
(163, 5, 28, 0),
(163, 5, 27, 0),
(163, 5, 26, 1),
(163, 5, 25, 0),
(163, 5, 24, 0),
(163, 5, 23, 0),
(163, 5, 22, 0),
(163, 5, 21, 0),
(163, 5, 20, 0),
(163, 5, 19, 0),
(163, 5, 18, 0),
(163, 5, 17, 1),
(163, 5, 16, 1),
(163, 5, 15, 0),
(163, 5, 14, 0),
(163, 5, 13, 0),
(163, 5, 12, 0),
(163, 5, 11, 0),
(163, 5, 10, 0),
(163, 5, 9, 0),
(163, 5, 8, 0),
(163, 5, 7, 0),
(163, 5, 6, 0),
(163, 5, 5, 0),
(163, 5, 4, 0),
(163, 5, 3, 0),
(163, 5, 2, 0),
(163, 5, 1, 0),
(163, 5, 0, 0),
(163, 4, 34, 0),
(163, 4, 33, 0),
(163, 4, 32, 1),
(163, 4, 31, 1),
(163, 4, 30, 1),
(163, 4, 29, 0),
(163, 4, 28, 0),
(163, 4, 27, 0),
(163, 4, 26, 1),
(163, 4, 25, 0),
(163, 4, 24, 0),
(163, 4, 23, 0),
(163, 4, 22, 0),
(163, 4, 21, 0),
(163, 4, 20, 0),
(163, 4, 19, 0),
(163, 4, 18, 0),
(163, 4, 17, 0),
(163, 4, 16, 0),
(163, 4, 15, 0),
(163, 4, 14, 0),
(163, 4, 13, 0),
(163, 4, 12, 0),
(163, 4, 11, 0),
(163, 4, 10, 0),
(163, 4, 9, 0),
(163, 4, 8, 0),
(163, 4, 7, 8),
(163, 4, 6, 0),
(163, 4, 5, 0),
(163, 4, 4, 0),
(163, 4, 3, 0),
(163, 4, 2, 0),
(163, 4, 1, 0),
(163, 4, 0, 0),
(163, 3, 34, 0),
(163, 3, 33, 0),
(163, 3, 32, 0),
(163, 3, 31, 0),
(163, 3, 30, 0),
(163, 3, 29, 0),
(163, 3, 28, 0),
(163, 3, 27, 1),
(163, 3, 26, 1),
(163, 3, 25, 0),
(163, 3, 24, 6),
(163, 3, 23, 1),
(163, 3, 22, 0),
(163, 3, 21, 0),
(163, 3, 20, 0),
(163, 3, 19, 0),
(163, 3, 18, 0),
(163, 3, 17, 0),
(163, 3, 16, 0),
(163, 3, 15, 0),
(163, 3, 14, 0),
(163, 3, 13, 0),
(163, 3, 12, 0),
(163, 3, 11, 0),
(163, 3, 10, 0),
(163, 3, 9, 0),
(163, 3, 8, 0),
(163, 3, 7, 0),
(163, 3, 6, 0),
(163, 3, 5, 0),
(163, 3, 4, 0),
(163, 3, 3, 0),
(163, 3, 2, 0),
(163, 3, 1, 0),
(163, 3, 0, 0),
(163, 2, 34, 1),
(163, 2, 33, 0),
(163, 2, 32, 2),
(163, 2, 31, 0),
(163, 2, 30, 0),
(163, 2, 29, 0),
(163, 2, 28, 0),
(163, 2, 27, 1),
(163, 2, 26, 1),
(163, 2, 25, 1),
(163, 2, 24, 1),
(163, 2, 23, 1),
(163, 2, 22, 0),
(163, 2, 21, 0),
(163, 2, 20, 0),
(163, 2, 19, 0),
(163, 2, 18, 0),
(163, 2, 17, 0),
(163, 2, 16, 0),
(163, 2, 15, 0),
(163, 2, 14, 0),
(163, 2, 13, 0),
(163, 2, 12, 0),
(163, 2, 11, 0),
(163, 2, 10, 0),
(163, 2, 9, 0),
(163, 2, 8, 0),
(163, 2, 7, 0),
(163, 2, 6, 0),
(163, 2, 5, 0),
(163, 2, 4, 0),
(163, 2, 3, 0),
(163, 2, 2, 0),
(163, 2, 1, 0),
(163, 2, 0, 1),
(163, 1, 34, 1),
(163, 1, 33, 0),
(163, 1, 32, 0),
(163, 1, 31, 0),
(163, 1, 30, 0),
(163, 1, 29, 0),
(163, 1, 28, 0),
(163, 1, 27, 0),
(163, 1, 26, 0),
(163, 1, 25, 0),
(163, 1, 24, 0),
(163, 1, 23, 0),
(163, 1, 22, 0),
(163, 1, 21, 0),
(163, 1, 20, 0),
(163, 1, 19, 0),
(163, 1, 18, 0),
(163, 1, 17, 0),
(163, 1, 16, 0),
(163, 1, 15, 0),
(163, 1, 14, 0),
(163, 1, 13, 0),
(163, 1, 12, 0),
(163, 1, 11, 0),
(163, 1, 10, 0),
(163, 1, 9, 0),
(163, 1, 8, 0),
(163, 1, 7, 0),
(163, 1, 6, 0),
(163, 1, 5, 0),
(163, 1, 4, 0),
(163, 1, 3, 0),
(163, 1, 2, 0),
(163, 1, 1, 0),
(163, 1, 0, 1),
(163, 0, 34, 1),
(163, 0, 33, 1),
(163, 0, 32, 1),
(163, 0, 31, 1),
(163, 0, 30, 1),
(163, 0, 29, 1),
(163, 0, 28, 1),
(163, 0, 27, 1),
(163, 0, 26, 1),
(163, 0, 25, 1),
(163, 0, 24, 0),
(163, 0, 23, 0),
(163, 0, 22, 0),
(163, 0, 21, 0),
(163, 0, 20, 0),
(163, 0, 19, 0),
(163, 0, 18, 0),
(163, 0, 17, 0),
(163, 0, 16, 0),
(163, 0, 15, 0),
(163, 0, 14, 0),
(163, 0, 13, 0),
(163, 0, 12, 0),
(163, 0, 11, 0),
(163, 0, 10, 1),
(163, 0, 9, 1),
(163, 0, 8, 1),
(163, 0, 7, 1),
(163, 0, 6, 1),
(163, 0, 5, 1),
(163, 0, 4, 1),
(163, 0, 3, 1),
(163, 0, 2, 1),
(163, 0, 1, 1),
(163, 0, 0, 1),
(162, 29, 34, 1),
(162, 29, 33, 1),
(162, 29, 32, 1),
(162, 29, 31, 1),
(162, 29, 30, 1),
(162, 29, 29, 1),
(162, 29, 28, 1),
(162, 29, 27, 1),
(162, 29, 26, 1),
(162, 29, 25, 1),
(162, 29, 24, 1),
(162, 29, 23, 1),
(162, 29, 22, 1),
(162, 29, 21, 1),
(162, 29, 20, 1),
(162, 29, 19, 0),
(162, 29, 18, 0),
(162, 29, 17, 0),
(162, 29, 16, 0),
(162, 29, 15, 0),
(162, 29, 14, 0),
(162, 29, 13, 0),
(162, 29, 12, 0),
(162, 29, 11, 0),
(162, 29, 10, 0),
(162, 29, 9, 0),
(162, 29, 8, 0),
(162, 29, 7, 0),
(162, 29, 6, 0),
(162, 29, 5, 1),
(162, 29, 4, 1),
(162, 29, 3, 1),
(162, 29, 2, 1),
(162, 29, 1, 1),
(162, 29, 0, 1),
(162, 28, 34, 1),
(162, 28, 33, 0),
(162, 28, 32, 0),
(162, 28, 31, 0),
(162, 28, 30, 0),
(162, 28, 29, 0),
(162, 28, 28, 0),
(162, 28, 27, 0),
(162, 28, 26, 0),
(162, 28, 25, 0),
(162, 28, 24, 0),
(162, 28, 23, 0),
(162, 28, 22, 0),
(162, 28, 21, 0),
(162, 28, 20, 0),
(162, 28, 19, 0),
(162, 28, 18, 0),
(162, 28, 17, 0),
(162, 28, 16, 0),
(162, 28, 15, 0),
(162, 28, 14, 0),
(162, 28, 13, 0),
(162, 28, 12, 0),
(162, 28, 11, 0),
(162, 28, 10, 0),
(162, 28, 9, 0),
(162, 28, 8, 0),
(162, 28, 7, 0),
(162, 28, 6, 0),
(162, 28, 5, 0),
(162, 28, 4, 0),
(162, 28, 3, 0),
(162, 28, 2, 0),
(162, 28, 1, 0),
(162, 28, 0, 1),
(162, 27, 34, 1),
(162, 27, 33, 0),
(162, 27, 32, 0),
(162, 27, 31, 0),
(162, 27, 30, 0),
(162, 27, 29, 0),
(162, 27, 28, 0),
(162, 27, 27, 0),
(162, 27, 26, 0),
(162, 27, 25, 0),
(162, 27, 24, 0),
(162, 27, 23, 0),
(162, 27, 22, 0),
(162, 27, 21, 0),
(162, 27, 20, 0),
(162, 27, 19, 0);
INSERT INTO `square` (`map`, `placeX`, `placeY`, `val`) VALUES
(162, 27, 18, 0),
(162, 27, 17, 1),
(162, 27, 16, 1),
(162, 27, 15, 0),
(162, 27, 14, 0),
(162, 27, 13, 0),
(162, 27, 12, 8),
(162, 27, 11, 0),
(162, 27, 10, 0),
(162, 27, 9, 0),
(162, 27, 8, 0),
(162, 27, 7, 0),
(162, 27, 6, 0),
(162, 27, 5, 1),
(162, 27, 4, 1),
(162, 27, 3, 0),
(162, 27, 2, 0),
(162, 27, 1, 0),
(162, 27, 0, 1),
(162, 26, 34, 1),
(162, 26, 33, 0),
(162, 26, 32, 0),
(162, 26, 31, 0),
(162, 26, 30, 0),
(162, 26, 29, 0),
(162, 26, 28, 0),
(162, 26, 27, 0),
(162, 26, 26, 0),
(162, 26, 25, 0),
(162, 26, 24, 0),
(162, 26, 23, 0),
(162, 26, 22, 0),
(162, 26, 21, 0),
(162, 26, 20, 0),
(162, 26, 19, 0),
(162, 26, 18, 0),
(162, 26, 17, 0),
(162, 26, 16, 1),
(162, 26, 15, 0),
(162, 26, 14, 0),
(162, 26, 13, 0),
(162, 26, 12, 0),
(162, 26, 11, 0),
(162, 26, 10, 0),
(162, 26, 9, 0),
(162, 26, 8, 0),
(162, 26, 7, 0),
(162, 26, 6, 0),
(162, 26, 5, 1),
(162, 26, 4, 0),
(162, 26, 3, 0),
(162, 26, 2, 0),
(162, 26, 1, 0),
(162, 26, 0, 1),
(162, 25, 34, 1),
(162, 25, 33, 0),
(162, 25, 32, 0),
(162, 25, 31, 0),
(162, 25, 30, 0),
(162, 25, 29, 0),
(162, 25, 28, 0),
(162, 25, 27, 0),
(162, 25, 26, 0),
(162, 25, 25, 7),
(162, 25, 24, 0),
(162, 25, 23, 0),
(162, 25, 22, 0),
(162, 25, 21, 0),
(162, 25, 20, 0),
(162, 25, 19, 0),
(162, 25, 18, 0),
(162, 25, 17, 0),
(162, 25, 16, 1),
(162, 25, 15, 0),
(162, 25, 14, 0),
(162, 25, 13, 0),
(162, 25, 12, 2),
(162, 25, 11, 0),
(162, 25, 10, 0),
(162, 25, 9, 0),
(162, 25, 8, 0),
(162, 25, 7, 0),
(162, 25, 6, 0),
(162, 25, 5, 1),
(162, 25, 4, 0),
(162, 25, 3, 0),
(162, 25, 2, 0),
(162, 25, 1, 0),
(162, 25, 0, 1),
(162, 24, 34, 1),
(162, 24, 33, 0),
(162, 24, 32, 0),
(162, 24, 31, 0),
(162, 24, 30, 0),
(162, 24, 29, 0),
(162, 24, 28, 0),
(162, 24, 27, 0),
(162, 24, 26, 0),
(162, 24, 25, 0),
(162, 24, 24, 0),
(162, 24, 23, 0),
(162, 24, 22, 0),
(162, 24, 21, 0),
(162, 24, 20, 0),
(162, 24, 19, 0),
(162, 24, 18, 0),
(162, 24, 17, 5),
(162, 24, 16, 1),
(162, 24, 15, 0),
(162, 24, 14, 0),
(162, 24, 13, 0),
(162, 24, 12, 0),
(162, 24, 11, 0),
(162, 24, 10, 0),
(162, 24, 9, 0),
(162, 24, 8, 0),
(162, 24, 7, 0),
(162, 24, 6, 0),
(162, 24, 5, 1),
(162, 24, 4, 1),
(162, 24, 3, 1),
(162, 24, 2, 0),
(162, 24, 1, 0),
(162, 24, 0, 1),
(162, 23, 34, 0),
(162, 23, 33, 0),
(162, 23, 32, 0),
(162, 23, 31, 0),
(162, 23, 30, 0),
(162, 23, 29, 0),
(162, 23, 28, 0),
(162, 23, 27, 0),
(162, 23, 26, 0),
(162, 23, 25, 0),
(162, 23, 24, 0),
(162, 23, 23, 0),
(162, 23, 22, 0),
(162, 23, 21, 0),
(162, 23, 20, 0),
(162, 23, 19, 0),
(162, 23, 18, 0),
(162, 23, 17, 0),
(162, 23, 16, 1),
(162, 23, 15, 0),
(162, 23, 14, 0),
(162, 23, 13, 0),
(162, 23, 12, 0),
(162, 23, 11, 0),
(162, 23, 10, 0),
(162, 23, 9, 0),
(162, 23, 8, 0),
(162, 23, 7, 0),
(162, 23, 6, 0),
(162, 23, 5, 0),
(162, 23, 4, 0),
(162, 23, 3, 1),
(162, 23, 2, 1),
(162, 23, 1, 0),
(162, 23, 0, 0),
(162, 22, 34, 0),
(162, 22, 33, 0),
(162, 22, 32, 0),
(162, 22, 31, 0),
(162, 22, 30, 0),
(162, 22, 29, 0),
(162, 22, 28, 0),
(162, 22, 27, 0),
(162, 22, 26, 0),
(162, 22, 25, 0),
(162, 22, 24, 0),
(162, 22, 23, 1),
(162, 22, 22, 1),
(162, 22, 21, 1),
(162, 22, 20, 1),
(162, 22, 19, 1),
(162, 22, 18, 0),
(162, 22, 17, 0),
(162, 22, 16, 1),
(162, 22, 15, 1),
(162, 22, 14, 1),
(162, 22, 13, 0),
(162, 22, 12, 0),
(162, 22, 11, 0),
(162, 22, 10, 0),
(162, 22, 9, 0),
(162, 22, 8, 0),
(162, 22, 7, 0),
(162, 22, 6, 0),
(162, 22, 5, 0),
(162, 22, 4, 0),
(162, 22, 3, 0),
(162, 22, 2, 1),
(162, 22, 1, 0),
(162, 22, 0, 0),
(162, 21, 34, 0),
(162, 21, 33, 0),
(162, 21, 32, 1),
(162, 21, 31, 1),
(162, 21, 30, 0),
(162, 21, 29, 0),
(162, 21, 28, 0),
(162, 21, 27, 0),
(162, 21, 26, 1),
(162, 21, 25, 0),
(162, 21, 24, 0),
(162, 21, 23, 1),
(162, 21, 22, 1),
(162, 21, 21, 1),
(162, 21, 20, 1),
(162, 21, 19, 1),
(162, 21, 18, 0),
(162, 21, 17, 0),
(162, 21, 16, 1),
(162, 21, 15, 1),
(162, 21, 14, 1),
(162, 21, 13, 1),
(162, 21, 12, 0),
(162, 21, 11, 4),
(162, 21, 10, 0),
(162, 21, 9, 0),
(162, 21, 8, 0),
(162, 21, 7, 0),
(162, 21, 6, 0),
(162, 21, 5, 1),
(162, 21, 4, 1),
(162, 21, 3, 1),
(162, 21, 2, 1),
(162, 21, 1, 0),
(162, 21, 0, 0),
(162, 20, 34, 0),
(162, 20, 33, 0),
(162, 20, 32, 1),
(162, 20, 31, 0),
(162, 20, 30, 0),
(162, 20, 29, 0),
(162, 20, 28, 0),
(162, 20, 27, 0),
(162, 20, 26, 1),
(162, 20, 25, 1),
(162, 20, 24, 0),
(162, 20, 23, 0),
(162, 20, 22, 1),
(162, 20, 21, 1),
(162, 20, 20, 1),
(162, 20, 19, 1),
(162, 20, 18, 1),
(162, 20, 17, 1),
(162, 20, 16, 1),
(162, 20, 15, 1),
(162, 20, 14, 0),
(162, 20, 13, 0),
(162, 20, 12, 0),
(162, 20, 11, 1),
(162, 20, 10, 0),
(162, 20, 9, 0),
(162, 20, 8, 0),
(162, 20, 7, 0),
(162, 20, 6, 0),
(162, 20, 5, 0),
(162, 20, 4, 0),
(162, 20, 3, 0),
(162, 20, 2, 0),
(162, 20, 1, 0),
(162, 20, 0, 0),
(162, 19, 34, 0),
(162, 19, 33, 0),
(162, 19, 32, 1),
(162, 19, 31, 1),
(162, 19, 30, 0),
(162, 19, 29, 0),
(162, 19, 28, 0),
(162, 19, 27, 0),
(162, 19, 26, 0),
(162, 19, 25, 0),
(162, 19, 24, 0),
(162, 19, 23, 2),
(162, 19, 22, 0),
(162, 19, 21, 0),
(162, 19, 20, 0),
(162, 19, 19, 0),
(162, 19, 18, 0),
(162, 19, 17, 1),
(162, 19, 16, 1),
(162, 19, 15, 1),
(162, 19, 14, 0),
(162, 19, 13, 1),
(162, 19, 12, 1),
(162, 19, 11, 1),
(162, 19, 10, 1),
(162, 19, 9, 0),
(162, 19, 8, 0),
(162, 19, 7, 0),
(162, 19, 6, 0),
(162, 19, 5, 0),
(162, 19, 4, 0),
(162, 19, 3, 0),
(162, 19, 2, 0),
(162, 19, 1, 0),
(162, 19, 0, 0),
(162, 18, 34, 0),
(162, 18, 33, 0),
(162, 18, 32, 0),
(162, 18, 31, 1),
(162, 18, 30, 1),
(162, 18, 29, 1),
(162, 18, 28, 0),
(162, 18, 27, 1),
(162, 18, 26, 0),
(162, 18, 25, 0),
(162, 18, 24, 0),
(162, 18, 23, 0),
(162, 18, 22, 0),
(162, 18, 21, 0),
(162, 18, 20, 0),
(162, 18, 19, 0),
(162, 18, 18, 0),
(162, 18, 17, 1),
(162, 18, 16, 0),
(162, 18, 15, 0),
(162, 18, 14, 0),
(162, 18, 13, 0),
(162, 18, 12, 1),
(162, 18, 11, 1),
(162, 18, 10, 1),
(162, 18, 9, 0),
(162, 18, 8, 0),
(162, 18, 7, 0),
(162, 18, 6, 0),
(162, 18, 5, 0),
(162, 18, 4, 0),
(162, 18, 3, 0),
(162, 18, 2, 0),
(162, 18, 1, 0),
(162, 18, 0, 0),
(162, 17, 34, 0),
(162, 17, 33, 0),
(162, 17, 32, 0),
(162, 17, 31, 0),
(162, 17, 30, 1),
(162, 17, 29, 1),
(162, 17, 28, 0),
(162, 17, 27, 1),
(162, 17, 26, 0),
(162, 17, 25, 0),
(162, 17, 24, 0),
(162, 17, 23, 0),
(162, 17, 22, 0),
(162, 17, 21, 0),
(162, 17, 20, 0),
(162, 17, 19, 0),
(162, 17, 18, 0),
(162, 17, 17, 1),
(162, 17, 16, 0),
(162, 17, 15, 0),
(162, 17, 14, 0),
(162, 17, 13, 0),
(162, 17, 12, 1),
(162, 17, 11, 1),
(162, 17, 10, 0),
(162, 17, 9, 0),
(162, 17, 8, 0),
(162, 17, 7, 0),
(162, 17, 6, 0),
(162, 17, 5, 0),
(162, 17, 4, 0),
(162, 17, 3, 0),
(162, 17, 2, 0),
(162, 17, 1, 0),
(162, 17, 0, 0),
(162, 16, 34, 0),
(162, 16, 33, 0),
(162, 16, 32, 0),
(162, 16, 31, 0),
(162, 16, 30, 1),
(162, 16, 29, 0),
(162, 16, 28, 0),
(162, 16, 27, 0),
(162, 16, 26, 0),
(162, 16, 25, 0),
(162, 16, 24, 0),
(162, 16, 23, 0),
(162, 16, 22, 0),
(162, 16, 21, 0),
(162, 16, 20, 0),
(162, 16, 19, 0),
(162, 16, 18, 0),
(162, 16, 17, 1),
(162, 16, 16, 0),
(162, 16, 15, 0),
(162, 16, 14, 0),
(162, 16, 13, 0),
(162, 16, 12, 1),
(162, 16, 11, 1),
(162, 16, 10, 0),
(162, 16, 9, 0),
(162, 16, 8, 0),
(162, 16, 7, 0),
(162, 16, 6, 0),
(162, 16, 5, 0),
(162, 16, 4, 1),
(162, 16, 3, 1),
(162, 16, 2, 1),
(162, 16, 1, 0),
(162, 16, 0, 0),
(162, 15, 34, 0),
(162, 15, 33, 0),
(162, 15, 32, 0),
(162, 15, 31, 0),
(162, 15, 30, 1),
(162, 15, 29, 0),
(162, 15, 28, 0),
(162, 15, 27, 0),
(162, 15, 26, 1),
(162, 15, 25, 0),
(162, 15, 24, 0),
(162, 15, 23, 0),
(162, 15, 22, 0),
(162, 15, 21, 0),
(162, 15, 20, 0),
(162, 15, 19, 0),
(162, 15, 18, 0),
(162, 15, 17, 1),
(162, 15, 16, 0),
(162, 15, 15, 0),
(162, 15, 14, 0),
(162, 15, 13, 0),
(162, 15, 12, 0),
(162, 15, 11, 0),
(162, 15, 10, 0),
(162, 15, 9, 0),
(162, 15, 8, 0),
(162, 15, 7, 0),
(162, 15, 6, 0),
(162, 15, 5, 0),
(162, 15, 4, 0),
(162, 15, 3, 0),
(162, 15, 2, 1),
(162, 15, 1, 0),
(162, 15, 0, 0),
(162, 14, 34, 0),
(162, 14, 33, 0),
(162, 14, 32, 0),
(162, 14, 31, 0),
(162, 14, 30, 1),
(162, 14, 29, 1),
(162, 14, 28, 1),
(162, 14, 27, 1),
(162, 14, 26, 1),
(162, 14, 25, 1),
(162, 14, 24, 1),
(162, 14, 23, 1),
(162, 14, 22, 1),
(162, 14, 21, 0),
(162, 14, 20, 0),
(162, 14, 19, 0),
(162, 14, 18, 0),
(162, 14, 17, 0),
(162, 14, 16, 0),
(162, 14, 15, 0),
(162, 14, 14, 0),
(162, 14, 13, 0),
(162, 14, 12, 0),
(162, 14, 11, 0),
(162, 14, 10, 0),
(162, 14, 9, 0),
(162, 14, 8, 0),
(162, 14, 7, 0),
(162, 14, 6, 0),
(162, 14, 5, 0),
(162, 14, 4, 0),
(162, 14, 3, 0),
(162, 14, 2, 1),
(162, 14, 1, 0),
(162, 14, 0, 0),
(162, 13, 34, 0),
(162, 13, 33, 0),
(162, 13, 32, 0),
(162, 13, 31, 0),
(162, 13, 30, 0),
(162, 13, 29, 0),
(162, 13, 28, 0),
(162, 13, 27, 0),
(162, 13, 26, 0),
(162, 13, 25, 1),
(162, 13, 24, 0),
(162, 13, 23, 0),
(162, 13, 22, 0),
(162, 13, 21, 0),
(162, 13, 20, 0),
(162, 13, 19, 0),
(162, 13, 18, 0),
(162, 13, 17, 0),
(162, 13, 16, 0),
(162, 13, 15, 0),
(162, 13, 14, 0),
(162, 13, 13, 0),
(162, 13, 12, 0),
(162, 13, 11, 0),
(162, 13, 10, 0),
(162, 13, 9, 0),
(162, 13, 8, 0),
(162, 13, 7, 0),
(162, 13, 6, 0),
(162, 13, 5, 0),
(162, 13, 4, 0),
(162, 13, 3, 0),
(162, 13, 2, 0),
(162, 13, 1, 0),
(162, 13, 0, 0),
(162, 12, 34, 1),
(162, 12, 33, 6),
(162, 12, 32, 0),
(162, 12, 31, 0),
(162, 12, 30, 0),
(162, 12, 29, 0),
(162, 12, 28, 0),
(162, 12, 27, 1),
(162, 12, 26, 0),
(162, 12, 25, 1),
(162, 12, 24, 0),
(162, 12, 23, 0),
(162, 12, 22, 0),
(162, 12, 21, 0),
(162, 12, 20, 0),
(162, 12, 19, 0),
(162, 12, 18, 0),
(162, 12, 17, 0),
(162, 12, 16, 0),
(162, 12, 15, 0),
(162, 12, 14, 1),
(162, 12, 13, 1),
(162, 12, 12, 0),
(162, 12, 11, 0),
(162, 12, 10, 0),
(162, 12, 9, 0),
(162, 12, 8, 0),
(162, 12, 7, 0),
(162, 12, 6, 0),
(162, 12, 5, 0),
(162, 12, 4, 0),
(162, 12, 3, 0),
(162, 12, 2, 0),
(162, 12, 1, 0),
(162, 12, 0, 1),
(162, 11, 34, 1),
(162, 11, 33, 0),
(162, 11, 32, 0),
(162, 11, 31, 0),
(162, 11, 30, 0),
(162, 11, 29, 0),
(162, 11, 28, 1),
(162, 11, 27, 1),
(162, 11, 26, 1),
(162, 11, 25, 1),
(162, 11, 24, 0),
(162, 11, 23, 0),
(162, 11, 22, 0),
(162, 11, 21, 0),
(162, 11, 20, 0),
(162, 11, 19, 0),
(162, 11, 18, 0),
(162, 11, 17, 0),
(162, 11, 16, 0),
(162, 11, 15, 0),
(162, 11, 14, 1),
(162, 11, 13, 0),
(162, 11, 12, 0),
(162, 11, 11, 0),
(162, 11, 10, 0),
(162, 11, 9, 0),
(162, 11, 8, 0),
(162, 11, 7, 0),
(162, 11, 6, 0),
(162, 11, 5, 0),
(162, 11, 4, 0),
(162, 11, 3, 0),
(162, 11, 2, 0),
(162, 11, 1, 0),
(162, 11, 0, 1),
(162, 10, 34, 1),
(162, 10, 33, 0),
(162, 10, 32, 0),
(162, 10, 31, 0),
(162, 10, 30, 0),
(162, 10, 29, 0),
(162, 10, 28, 1),
(162, 10, 27, 1),
(162, 10, 26, 1),
(162, 10, 25, 5),
(162, 10, 24, 0),
(162, 10, 23, 0),
(162, 10, 22, 0),
(162, 10, 21, 0),
(162, 10, 20, 0),
(162, 10, 19, 0),
(162, 10, 18, 0),
(162, 10, 17, 0),
(162, 10, 16, 0),
(162, 10, 15, 1),
(162, 10, 14, 1),
(162, 10, 13, 0),
(162, 10, 12, 0),
(162, 10, 11, 5),
(162, 10, 10, 1),
(162, 10, 9, 1),
(162, 10, 8, 0),
(162, 10, 7, 0),
(162, 10, 6, 0),
(162, 10, 5, 0),
(162, 10, 4, 0),
(162, 10, 3, 0),
(162, 10, 2, 0),
(162, 10, 1, 0),
(162, 10, 0, 1),
(162, 9, 34, 1),
(162, 9, 33, 0),
(162, 9, 32, 0),
(162, 9, 31, 0),
(162, 9, 30, 0),
(162, 9, 29, 0),
(162, 9, 28, 0),
(162, 9, 27, 0),
(162, 9, 26, 0),
(162, 9, 25, 0),
(162, 9, 24, 0),
(162, 9, 23, 0),
(162, 9, 22, 0),
(162, 9, 21, 0),
(162, 9, 20, 0),
(162, 9, 19, 0),
(162, 9, 18, 0),
(162, 9, 17, 0),
(162, 9, 16, 0),
(162, 9, 15, 1),
(162, 9, 14, 1),
(162, 9, 13, 0),
(162, 9, 12, 0),
(162, 9, 11, 0),
(162, 9, 10, 1),
(162, 9, 9, 1),
(162, 9, 8, 0),
(162, 9, 7, 0),
(162, 9, 6, 0),
(162, 9, 5, 0),
(162, 9, 4, 1),
(162, 9, 3, 1),
(162, 9, 2, 0),
(162, 9, 1, 0),
(162, 9, 0, 1),
(162, 8, 34, 1),
(162, 8, 33, 0),
(162, 8, 32, 0),
(162, 8, 31, 1),
(162, 8, 30, 1),
(162, 8, 29, 1),
(162, 8, 28, 0),
(162, 8, 27, 0),
(162, 8, 26, 0),
(162, 8, 25, 0),
(162, 8, 24, 0),
(162, 8, 23, 0),
(162, 8, 22, 0),
(162, 8, 21, 0),
(162, 8, 20, 0),
(162, 8, 19, 0),
(162, 8, 18, 0),
(162, 8, 17, 0),
(162, 8, 16, 0),
(162, 8, 15, 0),
(162, 8, 14, 0),
(162, 8, 13, 0),
(162, 8, 12, 0),
(162, 8, 11, 0),
(162, 8, 10, 0),
(162, 8, 9, 0),
(162, 8, 8, 0),
(162, 8, 7, 0),
(162, 8, 6, 0),
(162, 8, 5, 1),
(162, 8, 4, 1),
(162, 8, 3, 1),
(162, 8, 2, 0),
(162, 8, 1, 0),
(162, 8, 0, 1),
(162, 7, 34, 1),
(162, 7, 33, 0),
(162, 7, 32, 0),
(162, 7, 31, 1),
(162, 7, 30, 0),
(162, 7, 29, 0),
(162, 7, 28, 0),
(162, 7, 27, 0),
(162, 7, 26, 0),
(162, 7, 25, 0),
(162, 7, 24, 0),
(162, 7, 23, 0),
(162, 7, 22, 0),
(162, 7, 21, 0),
(162, 7, 20, 0),
(162, 7, 19, 0),
(162, 7, 18, 0),
(162, 7, 17, 0),
(162, 7, 16, 0),
(162, 7, 15, 0),
(162, 7, 14, 0),
(162, 7, 13, 0),
(162, 7, 12, 0),
(162, 7, 11, 0),
(162, 7, 10, 0),
(162, 7, 9, 0),
(162, 7, 8, 0),
(162, 7, 7, 1),
(162, 7, 6, 1),
(162, 7, 5, 1),
(162, 7, 4, 1),
(162, 7, 3, 1),
(162, 7, 2, 0),
(162, 7, 1, 0),
(162, 7, 0, 1),
(162, 6, 34, 1),
(162, 6, 33, 0),
(162, 6, 32, 0),
(162, 6, 31, 1),
(162, 6, 30, 1),
(162, 6, 29, 0),
(162, 6, 28, 0),
(162, 6, 27, 0),
(162, 6, 26, 0),
(162, 6, 25, 0),
(162, 6, 24, 0),
(162, 6, 23, 0),
(162, 6, 22, 0),
(162, 6, 21, 0),
(162, 6, 20, 0),
(162, 6, 19, 0),
(162, 6, 18, 0),
(162, 6, 17, 0),
(162, 6, 16, 0),
(162, 6, 15, 0),
(162, 6, 14, 0),
(162, 6, 13, 1),
(162, 6, 12, 0),
(162, 6, 11, 0),
(162, 6, 10, 0),
(162, 6, 9, 0),
(162, 6, 8, 0),
(162, 6, 7, 1),
(162, 6, 6, 1),
(162, 6, 5, 1),
(162, 6, 4, 1),
(162, 6, 3, 1),
(162, 6, 2, 0),
(162, 6, 1, 0),
(162, 6, 0, 1),
(162, 5, 34, 1),
(162, 5, 33, 0),
(162, 5, 32, 0),
(162, 5, 31, 0),
(162, 5, 30, 0),
(162, 5, 29, 0),
(162, 5, 28, 0),
(162, 5, 27, 0),
(162, 5, 26, 0),
(162, 5, 25, 0),
(162, 5, 24, 0),
(162, 5, 23, 0),
(162, 5, 22, 0),
(162, 5, 21, 0),
(162, 5, 20, 0),
(162, 5, 19, 0),
(162, 5, 18, 0),
(162, 5, 17, 0),
(162, 5, 16, 0),
(162, 5, 15, 0),
(162, 5, 14, 0),
(162, 5, 13, 1),
(162, 5, 12, 1),
(162, 5, 11, 0),
(162, 5, 10, 0),
(162, 5, 9, 0),
(162, 5, 8, 0),
(162, 5, 7, 1),
(162, 5, 6, 1),
(162, 5, 5, 0),
(162, 5, 4, 0),
(162, 5, 3, 0),
(162, 5, 2, 0),
(162, 5, 1, 0),
(162, 5, 0, 1),
(162, 4, 34, 1),
(162, 4, 33, 0),
(162, 4, 32, 1),
(162, 4, 31, 0),
(162, 4, 30, 0),
(162, 4, 29, 0),
(162, 4, 28, 0),
(162, 4, 27, 0),
(162, 4, 26, 0),
(162, 4, 25, 0),
(162, 4, 24, 0),
(162, 4, 23, 0),
(162, 4, 22, 0),
(162, 4, 21, 0),
(162, 4, 20, 0),
(162, 4, 19, 0),
(162, 4, 18, 0),
(162, 4, 17, 0),
(162, 4, 16, 0),
(162, 4, 15, 0),
(162, 4, 14, 0),
(162, 4, 13, 0),
(162, 4, 12, 0),
(162, 4, 11, 0),
(162, 4, 10, 0),
(162, 4, 9, 0),
(162, 4, 8, 0),
(162, 4, 7, 0),
(162, 4, 6, 0),
(162, 4, 5, 0),
(162, 4, 4, 0),
(162, 4, 3, 0),
(162, 4, 2, 0),
(162, 4, 1, 0),
(162, 4, 0, 1),
(162, 3, 34, 1),
(162, 3, 33, 0),
(162, 3, 32, 1),
(162, 3, 31, 1),
(162, 3, 30, 0),
(162, 3, 29, 0),
(162, 3, 28, 0),
(162, 3, 27, 0),
(162, 3, 26, 0),
(162, 3, 25, 0),
(162, 3, 24, 0),
(162, 3, 23, 0),
(162, 3, 22, 0),
(162, 3, 21, 0),
(162, 3, 20, 0),
(162, 3, 19, 0),
(162, 3, 18, 0),
(162, 3, 17, 0),
(162, 3, 16, 0),
(162, 3, 15, 0),
(162, 3, 14, 0),
(162, 3, 13, 0),
(162, 3, 12, 0),
(162, 3, 11, 0),
(162, 3, 10, 0),
(162, 3, 9, 0),
(162, 3, 8, 0),
(162, 3, 7, 0),
(162, 3, 6, 0),
(162, 3, 5, 0),
(162, 3, 4, 0),
(162, 3, 3, 0),
(162, 3, 2, 0),
(162, 3, 1, 0),
(162, 3, 0, 1),
(162, 2, 34, 1),
(162, 2, 33, 0),
(162, 2, 32, 0),
(162, 2, 31, 0),
(162, 2, 30, 0),
(162, 2, 29, 0),
(162, 2, 28, 0),
(162, 2, 27, 0),
(162, 2, 26, 0),
(162, 2, 25, 0),
(162, 2, 24, 0),
(162, 2, 23, 0),
(162, 2, 22, 0),
(162, 2, 21, 0),
(162, 2, 20, 0),
(162, 2, 19, 0),
(162, 2, 18, 0),
(162, 2, 17, 0),
(162, 2, 16, 0),
(162, 2, 15, 0),
(162, 2, 14, 0),
(162, 2, 13, 0),
(162, 2, 12, 0),
(162, 2, 11, 0),
(162, 2, 10, 0),
(162, 2, 9, 2),
(162, 2, 8, 0),
(162, 2, 7, 0),
(162, 2, 6, 9),
(162, 2, 5, 3),
(162, 2, 4, 0),
(162, 2, 3, 0),
(162, 2, 2, 0),
(162, 2, 1, 0),
(162, 2, 0, 1),
(162, 1, 34, 1),
(162, 1, 33, 0),
(162, 1, 32, 0),
(162, 1, 31, 0),
(162, 1, 30, 0),
(162, 1, 29, 0),
(162, 1, 28, 0),
(162, 1, 27, 0),
(162, 1, 26, 0),
(162, 1, 25, 0),
(162, 1, 24, 0),
(162, 1, 23, 0),
(162, 1, 22, 0),
(162, 1, 21, 0),
(162, 1, 20, 0),
(162, 1, 19, 0),
(162, 1, 18, 0),
(162, 1, 17, 0),
(162, 1, 16, 0),
(162, 1, 15, 0),
(162, 1, 14, 0),
(162, 1, 13, 0),
(162, 1, 12, 0),
(162, 1, 11, 0),
(162, 1, 10, 0),
(162, 1, 9, 0),
(162, 1, 8, 0),
(162, 1, 7, 0),
(162, 1, 6, 0),
(162, 1, 5, 0),
(162, 1, 4, 0),
(162, 1, 3, 0),
(162, 1, 2, 0),
(162, 1, 1, 0),
(162, 1, 0, 1),
(162, 0, 34, 1),
(162, 0, 33, 1),
(162, 0, 32, 1),
(162, 0, 31, 1),
(162, 0, 30, 1),
(162, 0, 29, 1),
(162, 0, 28, 1),
(162, 0, 27, 1),
(162, 0, 26, 1),
(162, 0, 25, 1),
(162, 0, 24, 1),
(162, 0, 23, 1),
(162, 0, 22, 1),
(162, 0, 21, 1),
(162, 0, 20, 1),
(162, 0, 19, 0),
(162, 0, 18, 0),
(162, 0, 17, 0),
(162, 0, 16, 0),
(162, 0, 15, 0),
(162, 0, 14, 0),
(162, 0, 13, 0),
(162, 0, 12, 0),
(162, 0, 11, 0),
(162, 0, 10, 0),
(162, 0, 9, 0),
(162, 0, 8, 0),
(162, 0, 7, 0),
(162, 0, 6, 0),
(162, 0, 5, 1),
(162, 0, 4, 1),
(162, 0, 3, 1),
(162, 0, 2, 1),
(162, 0, 1, 1),
(162, 0, 0, 1),
(158, 29, 34, 1),
(158, 29, 33, 1),
(158, 29, 32, 1),
(158, 29, 31, 1),
(158, 29, 30, 1),
(158, 29, 29, 1),
(158, 29, 28, 1),
(158, 29, 27, 1),
(158, 29, 26, 1),
(158, 29, 25, 1),
(158, 29, 24, 1),
(158, 29, 23, 1),
(158, 29, 22, 1),
(158, 29, 21, 1),
(158, 29, 20, 1),
(158, 29, 19, 0),
(158, 29, 18, 0),
(158, 29, 17, 0),
(158, 29, 16, 0),
(158, 29, 15, 0),
(158, 29, 14, 0),
(158, 29, 13, 0),
(158, 29, 12, 0),
(158, 29, 11, 0),
(158, 29, 10, 0),
(158, 29, 9, 1),
(158, 29, 8, 1),
(158, 29, 7, 1),
(158, 29, 6, 1),
(158, 29, 5, 1),
(158, 29, 4, 1),
(158, 29, 3, 1),
(158, 29, 2, 1),
(158, 29, 1, 1),
(158, 29, 0, 1),
(158, 28, 34, 1),
(158, 28, 33, 0),
(158, 28, 32, 0),
(158, 28, 31, 0),
(158, 28, 30, 0),
(158, 28, 29, 0),
(158, 28, 28, 0),
(158, 28, 27, 0),
(158, 28, 26, 0),
(158, 28, 25, 0),
(158, 28, 24, 0),
(158, 28, 23, 0),
(158, 28, 22, 0),
(158, 28, 21, 0),
(158, 28, 20, 0),
(158, 28, 19, 0),
(158, 28, 18, 0),
(158, 28, 17, 0),
(158, 28, 16, 0),
(158, 28, 15, 0),
(158, 28, 14, 0),
(158, 28, 13, 0),
(158, 28, 12, 0),
(158, 28, 11, 0),
(158, 28, 10, 0),
(158, 28, 9, 0),
(158, 28, 8, 0),
(158, 28, 7, 0),
(158, 28, 6, 0),
(158, 28, 5, 0),
(158, 28, 4, 0),
(158, 28, 3, 0),
(158, 28, 2, 0),
(158, 28, 1, 0),
(158, 28, 0, 1),
(158, 27, 34, 1),
(158, 27, 33, 0),
(158, 27, 32, 0),
(158, 27, 31, 0),
(158, 27, 30, 0),
(158, 27, 29, 0),
(158, 27, 28, 0),
(158, 27, 27, 0),
(158, 27, 26, 0),
(158, 27, 25, 0),
(158, 27, 24, 1),
(158, 27, 23, 1),
(158, 27, 22, 1),
(158, 27, 21, 1),
(158, 27, 20, 1),
(158, 27, 19, 0),
(158, 27, 18, 0),
(158, 27, 17, 0),
(158, 27, 16, 0),
(158, 27, 15, 0),
(158, 27, 14, 0),
(158, 27, 13, 0),
(158, 27, 12, 0),
(158, 27, 11, 0),
(158, 27, 10, 0),
(158, 27, 9, 0),
(158, 27, 8, 1),
(158, 27, 7, 0),
(158, 27, 6, 0),
(158, 27, 5, 0),
(158, 27, 4, 0),
(158, 27, 3, 0),
(158, 27, 2, 0),
(158, 27, 1, 0),
(158, 27, 0, 1),
(158, 26, 34, 1),
(158, 26, 33, 0),
(158, 26, 32, 0),
(158, 26, 31, 0),
(158, 26, 30, 0),
(158, 26, 29, 0),
(158, 26, 28, 0),
(158, 26, 27, 1),
(158, 26, 26, 0),
(158, 26, 25, 0),
(158, 26, 24, 1),
(158, 26, 23, 0),
(158, 26, 22, 0),
(158, 26, 21, 1),
(158, 26, 20, 1),
(158, 26, 19, 0),
(158, 26, 18, 0),
(158, 26, 17, 0),
(158, 26, 16, 0),
(158, 26, 15, 0),
(158, 26, 14, 0),
(158, 26, 13, 0),
(158, 26, 12, 0),
(158, 26, 11, 0),
(158, 26, 10, 0),
(158, 26, 9, 0),
(158, 26, 8, 1),
(158, 26, 7, 0),
(158, 26, 6, 0),
(158, 26, 5, 0),
(158, 26, 4, 0),
(158, 26, 3, 0),
(158, 26, 2, 0),
(158, 26, 1, 0),
(158, 26, 0, 1),
(158, 25, 34, 0),
(158, 25, 33, 0),
(158, 25, 32, 0),
(158, 25, 31, 0),
(158, 25, 30, 0),
(158, 25, 29, 0),
(158, 25, 28, 0),
(158, 25, 27, 1),
(158, 25, 26, 1),
(158, 25, 25, 0),
(158, 25, 24, 0),
(158, 25, 23, 0),
(158, 25, 22, 0),
(158, 25, 21, 0),
(158, 25, 20, 0),
(158, 25, 19, 0),
(158, 25, 18, 0),
(158, 25, 17, 0),
(158, 25, 16, 0),
(158, 25, 15, 0),
(158, 25, 14, 0),
(158, 25, 13, 0),
(158, 25, 12, 7),
(158, 25, 11, 0),
(158, 25, 10, 0),
(158, 25, 9, 0),
(158, 25, 8, 0),
(158, 25, 7, 0),
(158, 25, 6, 0),
(158, 25, 5, 0),
(158, 25, 4, 0),
(158, 25, 3, 0),
(158, 25, 2, 0),
(158, 25, 1, 0),
(158, 25, 0, 0),
(158, 24, 34, 0),
(158, 24, 33, 0),
(158, 24, 32, 0),
(158, 24, 31, 0),
(158, 24, 30, 0),
(158, 24, 29, 0),
(158, 24, 28, 0),
(158, 24, 27, 0),
(158, 24, 26, 0),
(158, 24, 25, 0),
(158, 24, 24, 0),
(158, 24, 23, 0),
(158, 24, 22, 0),
(158, 24, 21, 0),
(158, 24, 20, 0),
(158, 24, 19, 0),
(158, 24, 18, 0),
(158, 24, 17, 0),
(158, 24, 16, 0),
(158, 24, 15, 0),
(158, 24, 14, 0),
(158, 24, 13, 0),
(158, 24, 12, 2),
(158, 24, 11, 0),
(158, 24, 10, 0),
(158, 24, 9, 0),
(158, 24, 8, 0),
(158, 24, 7, 0),
(158, 24, 6, 0),
(158, 24, 5, 0),
(158, 24, 4, 0),
(158, 24, 3, 0),
(158, 24, 2, 0),
(158, 24, 1, 0),
(158, 24, 0, 0),
(158, 23, 34, 0),
(158, 23, 33, 0),
(158, 23, 32, 0),
(158, 23, 31, 0),
(158, 23, 30, 0),
(158, 23, 29, 0),
(158, 23, 28, 0),
(158, 23, 27, 0),
(158, 23, 26, 0),
(158, 23, 25, 0),
(158, 23, 24, 0),
(158, 23, 23, 1),
(158, 23, 22, 0),
(158, 23, 21, 0),
(158, 23, 20, 0),
(158, 23, 19, 0),
(158, 23, 18, 0),
(158, 23, 17, 0),
(158, 23, 16, 0),
(158, 23, 15, 0),
(158, 23, 14, 0),
(158, 23, 13, 0),
(158, 23, 12, 0),
(158, 23, 11, 0),
(158, 23, 10, 0),
(158, 23, 9, 0),
(158, 23, 8, 0),
(158, 23, 7, 1),
(158, 23, 6, 0),
(158, 23, 5, 0),
(158, 23, 4, 0),
(158, 23, 3, 0),
(158, 23, 2, 0),
(158, 23, 1, 0),
(158, 23, 0, 0),
(158, 22, 34, 0),
(158, 22, 33, 0),
(158, 22, 32, 1),
(158, 22, 31, 0),
(158, 22, 30, 0),
(158, 22, 29, 0),
(158, 22, 28, 1),
(158, 22, 27, 0),
(158, 22, 26, 0),
(158, 22, 25, 0),
(158, 22, 24, 1),
(158, 22, 23, 1),
(158, 22, 22, 0),
(158, 22, 21, 0),
(158, 22, 20, 0),
(158, 22, 19, 0),
(158, 22, 18, 0),
(158, 22, 17, 0),
(158, 22, 16, 1),
(158, 22, 15, 0),
(158, 22, 14, 0),
(158, 22, 13, 0),
(158, 22, 12, 0),
(158, 22, 11, 0),
(158, 22, 10, 0),
(158, 22, 9, 0),
(158, 22, 8, 0),
(158, 22, 7, 1),
(158, 22, 6, 0),
(158, 22, 5, 4),
(158, 22, 4, 0),
(158, 22, 3, 0),
(158, 22, 2, 0),
(158, 22, 1, 0),
(158, 22, 0, 0),
(158, 21, 34, 0),
(158, 21, 33, 0),
(158, 21, 32, 1),
(158, 21, 31, 0),
(158, 21, 30, 0),
(158, 21, 29, 1),
(158, 21, 28, 1),
(158, 21, 27, 0),
(158, 21, 26, 0),
(158, 21, 25, 0),
(158, 21, 24, 1),
(158, 21, 23, 7),
(158, 21, 22, 0),
(158, 21, 21, 0),
(158, 21, 20, 0),
(158, 21, 19, 0),
(158, 21, 18, 0),
(158, 21, 17, 0),
(158, 21, 16, 1),
(158, 21, 15, 0),
(158, 21, 14, 0),
(158, 21, 13, 0),
(158, 21, 12, 0),
(158, 21, 11, 0),
(158, 21, 10, 0),
(158, 21, 9, 0),
(158, 21, 8, 0),
(158, 21, 7, 1),
(158, 21, 6, 0),
(158, 21, 5, 0),
(158, 21, 4, 0),
(158, 21, 3, 0),
(158, 21, 2, 0),
(158, 21, 1, 0),
(158, 21, 0, 0),
(158, 20, 34, 0),
(158, 20, 33, 0),
(158, 20, 32, 0),
(158, 20, 31, 0),
(158, 20, 30, 0),
(158, 20, 29, 0),
(158, 20, 28, 0),
(158, 20, 27, 0),
(158, 20, 26, 0),
(158, 20, 25, 0),
(158, 20, 24, 1),
(158, 20, 23, 0),
(158, 20, 22, 0),
(158, 20, 21, 0),
(158, 20, 20, 0),
(158, 20, 19, 0),
(158, 20, 18, 0),
(158, 20, 17, 0),
(158, 20, 16, 0),
(158, 20, 15, 0),
(158, 20, 14, 0),
(158, 20, 13, 0),
(158, 20, 12, 0),
(158, 20, 11, 0),
(158, 20, 10, 0),
(158, 20, 9, 0),
(158, 20, 8, 0),
(158, 20, 7, 1),
(158, 20, 6, 0),
(158, 20, 5, 0),
(158, 20, 4, 0),
(158, 20, 3, 0),
(158, 20, 2, 0),
(158, 20, 1, 0),
(158, 20, 0, 0),
(158, 19, 34, 0),
(158, 19, 33, 0),
(158, 19, 32, 0),
(158, 19, 31, 0),
(158, 19, 30, 0),
(158, 19, 29, 0),
(158, 19, 28, 0),
(158, 19, 27, 0),
(158, 19, 26, 0),
(158, 19, 25, 0),
(158, 19, 24, 0),
(158, 19, 23, 0),
(158, 19, 22, 0),
(158, 19, 21, 0),
(158, 19, 20, 0),
(158, 19, 19, 0),
(158, 19, 18, 0),
(158, 19, 17, 0),
(158, 19, 16, 0),
(158, 19, 15, 0),
(158, 19, 14, 0),
(158, 19, 13, 0),
(158, 19, 12, 0),
(158, 19, 11, 0),
(158, 19, 10, 0),
(158, 19, 9, 0),
(158, 19, 8, 0),
(158, 19, 7, 1),
(158, 19, 6, 0),
(158, 19, 5, 0),
(158, 19, 4, 0),
(158, 19, 3, 0),
(158, 19, 2, 0),
(158, 19, 1, 0),
(158, 19, 0, 0),
(158, 18, 34, 0),
(158, 18, 33, 0),
(158, 18, 32, 0),
(158, 18, 31, 0),
(158, 18, 30, 5),
(158, 18, 29, 0),
(158, 18, 28, 0),
(158, 18, 27, 0),
(158, 18, 26, 0),
(158, 18, 25, 0),
(158, 18, 24, 0),
(158, 18, 23, 0),
(158, 18, 22, 0),
(158, 18, 21, 0),
(158, 18, 20, 0),
(158, 18, 19, 0),
(158, 18, 18, 0),
(158, 18, 17, 0),
(158, 18, 16, 0),
(158, 18, 15, 0),
(158, 18, 14, 0),
(158, 18, 13, 0),
(158, 18, 12, 0),
(158, 18, 11, 0),
(158, 18, 10, 0),
(158, 18, 9, 0),
(158, 18, 8, 0),
(158, 18, 7, 1),
(158, 18, 6, 0),
(158, 18, 5, 0),
(158, 18, 4, 0),
(158, 18, 3, 0),
(158, 18, 2, 0),
(158, 18, 1, 0),
(158, 18, 0, 0),
(158, 17, 34, 0),
(158, 17, 33, 0),
(158, 17, 32, 0),
(158, 17, 31, 0),
(158, 17, 30, 0),
(158, 17, 29, 0),
(158, 17, 28, 0),
(158, 17, 27, 1),
(158, 17, 26, 0),
(158, 17, 25, 0),
(158, 17, 24, 1),
(158, 17, 23, 0),
(158, 17, 22, 0),
(158, 17, 21, 0),
(158, 17, 20, 0),
(158, 17, 19, 0),
(158, 17, 18, 9),
(158, 17, 17, 0),
(158, 17, 16, 0),
(158, 17, 15, 0),
(158, 17, 14, 0),
(158, 17, 13, 0),
(158, 17, 12, 0),
(158, 17, 11, 0),
(158, 17, 10, 1),
(158, 17, 9, 1),
(158, 17, 8, 1),
(158, 17, 7, 1),
(158, 17, 6, 0),
(158, 17, 5, 0),
(158, 17, 4, 0),
(158, 17, 3, 1),
(158, 17, 2, 0),
(158, 17, 1, 0),
(158, 17, 0, 0),
(158, 16, 34, 0),
(158, 16, 33, 0),
(158, 16, 32, 0),
(158, 16, 31, 0),
(158, 16, 30, 0),
(158, 16, 29, 0),
(158, 16, 28, 0),
(158, 16, 27, 1),
(158, 16, 26, 0),
(158, 16, 25, 0),
(158, 16, 24, 1),
(158, 16, 23, 0),
(158, 16, 22, 0),
(158, 16, 21, 0),
(158, 16, 20, 0),
(158, 16, 19, 0),
(158, 16, 18, 0),
(158, 16, 17, 0),
(158, 16, 16, 0),
(158, 16, 15, 0),
(158, 16, 14, 0),
(158, 16, 13, 8),
(158, 16, 12, 0),
(158, 16, 11, 1),
(158, 16, 10, 1),
(158, 16, 9, 1),
(158, 16, 8, 1),
(158, 16, 7, 1),
(158, 16, 6, 1),
(158, 16, 5, 1),
(158, 16, 4, 1),
(158, 16, 3, 1),
(158, 16, 2, 0),
(158, 16, 1, 0),
(158, 16, 0, 0),
(158, 15, 34, 0),
(158, 15, 33, 0),
(158, 15, 32, 0),
(158, 15, 31, 0),
(158, 15, 30, 0),
(158, 15, 29, 0),
(158, 15, 28, 0),
(158, 15, 27, 1),
(158, 15, 26, 0),
(158, 15, 25, 2),
(158, 15, 24, 0),
(158, 15, 23, 0),
(158, 15, 22, 0),
(158, 15, 21, 0),
(158, 15, 20, 0),
(158, 15, 19, 0),
(158, 15, 18, 0),
(158, 15, 17, 0),
(158, 15, 16, 0),
(158, 15, 15, 0),
(158, 15, 14, 0),
(158, 15, 13, 0),
(158, 15, 12, 1),
(158, 15, 11, 1),
(158, 15, 10, 0),
(158, 15, 9, 1),
(158, 15, 8, 0),
(158, 15, 7, 0),
(158, 15, 6, 0),
(158, 15, 5, 0),
(158, 15, 4, 0),
(158, 15, 3, 0),
(158, 15, 2, 0),
(158, 15, 1, 0),
(158, 15, 0, 0),
(158, 14, 34, 0),
(158, 14, 33, 0),
(158, 14, 32, 0),
(158, 14, 31, 0),
(158, 14, 30, 0),
(158, 14, 29, 0),
(158, 14, 28, 0),
(158, 14, 27, 1),
(158, 14, 26, 0),
(158, 14, 25, 0),
(158, 14, 24, 0),
(158, 14, 23, 1),
(158, 14, 22, 1),
(158, 14, 21, 0),
(158, 14, 20, 0),
(158, 14, 19, 0),
(158, 14, 18, 0),
(158, 14, 17, 0),
(158, 14, 16, 0),
(158, 14, 15, 0),
(158, 14, 14, 0),
(158, 14, 13, 0),
(158, 14, 12, 1),
(158, 14, 11, 0),
(158, 14, 10, 0),
(158, 14, 9, 1),
(158, 14, 8, 0),
(158, 14, 7, 0),
(158, 14, 6, 0),
(158, 14, 5, 0),
(158, 14, 4, 0),
(158, 14, 3, 0),
(158, 14, 2, 0),
(158, 14, 1, 0),
(158, 14, 0, 0),
(158, 13, 34, 0),
(158, 13, 33, 0),
(158, 13, 32, 0),
(158, 13, 31, 0),
(158, 13, 30, 0),
(158, 13, 29, 0),
(158, 13, 28, 1),
(158, 13, 27, 1),
(158, 13, 26, 0),
(158, 13, 25, 0),
(158, 13, 24, 0),
(158, 13, 23, 1),
(158, 13, 22, 0),
(158, 13, 21, 0),
(158, 13, 20, 0),
(158, 13, 19, 0),
(158, 13, 18, 0),
(158, 13, 17, 0),
(158, 13, 16, 0),
(158, 13, 15, 0),
(158, 13, 14, 0),
(158, 13, 13, 0),
(158, 13, 12, 1),
(158, 13, 11, 0),
(158, 13, 10, 0),
(158, 13, 9, 0),
(158, 13, 8, 0),
(158, 13, 7, 0),
(158, 13, 6, 0),
(158, 13, 5, 0),
(158, 13, 4, 0),
(158, 13, 3, 0),
(158, 13, 2, 0),
(158, 13, 1, 0),
(158, 13, 0, 0),
(158, 12, 34, 0),
(158, 12, 33, 0),
(158, 12, 32, 0),
(158, 12, 31, 0),
(158, 12, 30, 0),
(158, 12, 29, 0),
(158, 12, 28, 1),
(158, 12, 27, 1),
(158, 12, 26, 0),
(158, 12, 25, 0),
(158, 12, 24, 1),
(158, 12, 23, 1),
(158, 12, 22, 0),
(158, 12, 21, 0),
(158, 12, 20, 0),
(158, 12, 19, 0),
(158, 12, 18, 0),
(158, 12, 17, 0),
(158, 12, 16, 0),
(158, 12, 15, 0),
(158, 12, 14, 0),
(158, 12, 13, 0),
(158, 12, 12, 1),
(158, 12, 11, 0),
(158, 12, 10, 0),
(158, 12, 9, 0),
(158, 12, 8, 0),
(158, 12, 7, 0),
(158, 12, 6, 0),
(158, 12, 5, 0),
(158, 12, 4, 0),
(158, 12, 3, 0),
(158, 12, 2, 0),
(158, 12, 1, 0),
(158, 12, 0, 0),
(158, 11, 34, 0),
(158, 11, 33, 0),
(158, 11, 32, 0),
(158, 11, 31, 1),
(158, 11, 30, 1),
(158, 11, 29, 1),
(158, 11, 28, 1),
(158, 11, 27, 0),
(158, 11, 26, 0),
(158, 11, 25, 0),
(158, 11, 24, 1),
(158, 11, 23, 1),
(158, 11, 22, 0),
(158, 11, 21, 0),
(158, 11, 20, 0),
(158, 11, 19, 0),
(158, 11, 18, 0),
(158, 11, 17, 0),
(158, 11, 16, 0),
(158, 11, 15, 0),
(158, 11, 14, 0),
(158, 11, 13, 0),
(158, 11, 12, 1),
(158, 11, 11, 1),
(158, 11, 10, 0),
(158, 11, 9, 1),
(158, 11, 8, 0),
(158, 11, 7, 0),
(158, 11, 6, 0),
(158, 11, 5, 0),
(158, 11, 4, 0),
(158, 11, 3, 0),
(158, 11, 2, 0),
(158, 11, 1, 0),
(158, 11, 0, 0),
(158, 10, 34, 0),
(158, 10, 33, 0),
(158, 10, 32, 0),
(158, 10, 31, 0),
(158, 10, 30, 0),
(158, 10, 29, 0),
(158, 10, 28, 1),
(158, 10, 27, 1),
(158, 10, 26, 1),
(158, 10, 25, 1),
(158, 10, 24, 1),
(158, 10, 23, 0),
(158, 10, 22, 0),
(158, 10, 21, 0),
(158, 10, 20, 0),
(158, 10, 19, 0),
(158, 10, 18, 0),
(158, 10, 17, 0),
(158, 10, 16, 0),
(158, 10, 15, 0),
(158, 10, 14, 0),
(158, 10, 13, 1),
(158, 10, 12, 1),
(158, 10, 11, 1),
(158, 10, 10, 1),
(158, 10, 9, 1),
(158, 10, 8, 0),
(158, 10, 7, 0),
(158, 10, 6, 0),
(158, 10, 5, 0),
(158, 10, 4, 0),
(158, 10, 3, 0),
(158, 10, 2, 0),
(158, 10, 1, 0),
(158, 10, 0, 0),
(158, 9, 34, 1),
(158, 9, 33, 0),
(158, 9, 32, 0),
(158, 9, 31, 0),
(158, 9, 30, 0),
(158, 9, 29, 0),
(158, 9, 28, 0),
(158, 9, 27, 0),
(158, 9, 26, 0),
(158, 9, 25, 0),
(158, 9, 24, 1),
(158, 9, 23, 0),
(158, 9, 22, 0),
(158, 9, 21, 0),
(158, 9, 20, 0),
(158, 9, 19, 0),
(158, 9, 18, 0),
(158, 9, 17, 0),
(158, 9, 16, 0),
(158, 9, 15, 0),
(158, 9, 14, 1),
(158, 9, 13, 1),
(158, 9, 12, 0),
(158, 9, 11, 0),
(158, 9, 10, 0),
(158, 9, 9, 0),
(158, 9, 8, 0),
(158, 9, 7, 0),
(158, 9, 6, 0),
(158, 9, 5, 0),
(158, 9, 4, 0),
(158, 9, 3, 0),
(158, 9, 2, 0),
(158, 9, 1, 0),
(158, 9, 0, 1),
(158, 8, 34, 1),
(158, 8, 33, 0),
(158, 8, 32, 0),
(158, 8, 31, 0),
(158, 8, 30, 0),
(158, 8, 29, 0),
(158, 8, 28, 0),
(158, 8, 27, 0),
(158, 8, 26, 0),
(158, 8, 25, 1),
(158, 8, 24, 1),
(158, 8, 23, 0),
(158, 8, 22, 1),
(158, 8, 21, 0),
(158, 8, 20, 0),
(158, 8, 19, 0),
(158, 8, 18, 0),
(158, 8, 17, 0),
(158, 8, 16, 0),
(158, 8, 15, 0),
(158, 8, 14, 0),
(158, 8, 13, 0),
(158, 8, 12, 0),
(158, 8, 11, 2),
(158, 8, 10, 0),
(158, 8, 9, 0),
(158, 8, 8, 0),
(158, 8, 7, 0),
(158, 8, 6, 0),
(158, 8, 5, 0),
(158, 8, 4, 0),
(158, 8, 3, 0),
(158, 8, 2, 0),
(158, 8, 1, 0),
(158, 8, 0, 1),
(158, 7, 34, 1),
(158, 7, 33, 0),
(158, 7, 32, 0),
(158, 7, 31, 0),
(158, 7, 30, 0),
(158, 7, 29, 0),
(158, 7, 28, 0),
(158, 7, 27, 0),
(158, 7, 26, 0),
(158, 7, 25, 1),
(158, 7, 24, 1),
(158, 7, 23, 1),
(158, 7, 22, 1),
(158, 7, 21, 0),
(158, 7, 20, 0),
(158, 7, 19, 0),
(158, 7, 18, 0),
(158, 7, 17, 0),
(158, 7, 16, 0),
(158, 7, 15, 0),
(158, 7, 14, 0),
(158, 7, 13, 0),
(158, 7, 12, 0),
(158, 7, 11, 0),
(158, 7, 10, 0),
(158, 7, 9, 0),
(158, 7, 8, 0),
(158, 7, 7, 0),
(158, 7, 6, 0),
(158, 7, 5, 0),
(158, 7, 4, 0),
(158, 7, 3, 0),
(158, 7, 2, 0),
(158, 7, 1, 0),
(158, 7, 0, 1),
(158, 6, 34, 1),
(158, 6, 33, 0),
(158, 6, 32, 0),
(158, 6, 31, 1),
(158, 6, 30, 0),
(158, 6, 29, 0),
(158, 6, 28, 0),
(158, 6, 27, 0),
(158, 6, 26, 0),
(158, 6, 25, 0),
(158, 6, 24, 1),
(158, 6, 23, 0),
(158, 6, 22, 0),
(158, 6, 21, 0),
(158, 6, 20, 0),
(158, 6, 19, 0),
(158, 6, 18, 0),
(158, 6, 17, 0),
(158, 6, 16, 0),
(158, 6, 15, 0),
(158, 6, 14, 0),
(158, 6, 13, 0),
(158, 6, 12, 0),
(158, 6, 11, 0),
(158, 6, 10, 0),
(158, 6, 9, 0),
(158, 6, 8, 0),
(158, 6, 7, 0),
(158, 6, 6, 0),
(158, 6, 5, 0),
(158, 6, 4, 0),
(158, 6, 3, 0),
(158, 6, 2, 0),
(158, 6, 1, 0),
(158, 6, 0, 1),
(158, 5, 34, 1),
(158, 5, 33, 0),
(158, 5, 32, 0),
(158, 5, 31, 1),
(158, 5, 30, 0),
(158, 5, 29, 0),
(158, 5, 28, 0),
(158, 5, 27, 0),
(158, 5, 26, 0),
(158, 5, 25, 1),
(158, 5, 24, 1),
(158, 5, 23, 0),
(158, 5, 22, 0),
(158, 5, 21, 1),
(158, 5, 20, 0),
(158, 5, 19, 0),
(158, 5, 18, 6),
(158, 5, 17, 0),
(158, 5, 16, 0),
(158, 5, 15, 0),
(158, 5, 14, 0),
(158, 5, 13, 0),
(158, 5, 12, 0),
(158, 5, 11, 0),
(158, 5, 10, 0),
(158, 5, 9, 0),
(158, 5, 8, 0),
(158, 5, 7, 0),
(158, 5, 6, 0),
(158, 5, 5, 0),
(158, 5, 4, 0),
(158, 5, 3, 0),
(158, 5, 2, 0),
(158, 5, 1, 0),
(158, 5, 0, 1),
(158, 4, 34, 1),
(158, 4, 33, 0),
(158, 4, 32, 0),
(158, 4, 31, 0),
(158, 4, 30, 0),
(158, 4, 29, 0),
(158, 4, 28, 0),
(158, 4, 27, 0),
(158, 4, 26, 0),
(158, 4, 25, 0),
(158, 4, 24, 0),
(158, 4, 23, 0),
(158, 4, 22, 0),
(158, 4, 21, 1),
(158, 4, 20, 1),
(158, 4, 19, 1),
(158, 4, 18, 1),
(158, 4, 17, 0),
(158, 4, 16, 0),
(158, 4, 15, 0),
(158, 4, 14, 1),
(158, 4, 13, 1),
(158, 4, 12, 0),
(158, 4, 11, 0),
(158, 4, 10, 0),
(158, 4, 9, 0),
(158, 4, 8, 0),
(158, 4, 7, 0),
(158, 4, 6, 0),
(158, 4, 5, 0),
(158, 4, 4, 6),
(158, 4, 3, 0),
(158, 4, 2, 1),
(158, 4, 1, 0),
(158, 4, 0, 1),
(158, 3, 34, 1),
(158, 3, 33, 0),
(158, 3, 32, 1),
(158, 3, 31, 1),
(158, 3, 30, 1),
(158, 3, 29, 0),
(158, 3, 28, 0),
(158, 3, 27, 0),
(158, 3, 26, 0),
(158, 3, 25, 0),
(158, 3, 24, 0),
(158, 3, 23, 0),
(158, 3, 22, 0),
(158, 3, 21, 0),
(158, 3, 20, 0),
(158, 3, 19, 1),
(158, 3, 18, 1),
(158, 3, 17, 1),
(158, 3, 16, 1),
(158, 3, 15, 1),
(158, 3, 14, 1),
(158, 3, 13, 0),
(158, 3, 12, 0),
(158, 3, 11, 0),
(158, 3, 10, 0),
(158, 3, 9, 0),
(158, 3, 8, 0),
(158, 3, 7, 0),
(158, 3, 6, 0),
(158, 3, 5, 0),
(158, 3, 4, 0),
(158, 3, 3, 1),
(158, 3, 2, 1),
(158, 3, 1, 0),
(158, 3, 0, 1),
(158, 2, 34, 1),
(158, 2, 33, 0),
(158, 2, 32, 1),
(158, 2, 31, 1),
(158, 2, 30, 1),
(158, 2, 29, 0),
(158, 2, 28, 0),
(158, 2, 27, 0),
(158, 2, 26, 0),
(158, 2, 25, 0),
(158, 2, 24, 2),
(158, 2, 23, 0),
(158, 2, 22, 0),
(158, 2, 21, 0),
(158, 2, 20, 0),
(158, 2, 19, 0),
(158, 2, 18, 0),
(158, 2, 17, 0),
(158, 2, 16, 0),
(158, 2, 15, 0),
(158, 2, 14, 0),
(158, 2, 13, 0),
(158, 2, 12, 0),
(158, 2, 11, 0),
(158, 2, 10, 0),
(158, 2, 9, 0),
(158, 2, 8, 0),
(158, 2, 7, 0),
(158, 2, 6, 0),
(158, 2, 5, 0),
(158, 2, 4, 0),
(158, 2, 3, 0),
(158, 2, 2, 0),
(158, 2, 1, 0),
(158, 2, 0, 1),
(158, 1, 34, 1),
(158, 1, 33, 0),
(158, 1, 32, 0),
(158, 1, 31, 0),
(158, 1, 30, 0),
(158, 1, 29, 0),
(158, 1, 28, 0),
(158, 1, 27, 0),
(158, 1, 26, 3),
(158, 1, 25, 0),
(158, 1, 24, 0),
(158, 1, 23, 0),
(158, 1, 22, 0),
(158, 1, 21, 0),
(158, 1, 20, 0),
(158, 1, 19, 0),
(158, 1, 18, 0),
(158, 1, 17, 0),
(158, 1, 16, 0),
(158, 1, 15, 0),
(158, 1, 14, 0),
(158, 1, 13, 0),
(158, 1, 12, 0),
(158, 1, 11, 0),
(158, 1, 10, 0),
(158, 1, 9, 0),
(158, 1, 8, 0),
(158, 1, 7, 0),
(158, 1, 6, 2),
(158, 1, 5, 0),
(158, 1, 4, 0),
(158, 1, 3, 0),
(158, 1, 2, 0),
(158, 1, 1, 0),
(158, 1, 0, 1),
(158, 0, 34, 1),
(158, 0, 33, 1),
(158, 0, 32, 1),
(158, 0, 31, 1),
(158, 0, 30, 1),
(158, 0, 29, 1),
(158, 0, 28, 1),
(158, 0, 27, 1),
(158, 0, 26, 1),
(158, 0, 25, 1),
(158, 0, 24, 1),
(158, 0, 23, 1),
(158, 0, 22, 1),
(158, 0, 21, 1),
(158, 0, 20, 1),
(158, 0, 19, 0),
(158, 0, 18, 0),
(158, 0, 17, 0),
(158, 0, 16, 0),
(158, 0, 15, 0),
(158, 0, 14, 0),
(158, 0, 13, 0),
(158, 0, 12, 0),
(158, 0, 11, 0),
(158, 0, 10, 0),
(158, 0, 9, 1),
(158, 0, 8, 1),
(158, 0, 7, 1),
(158, 0, 6, 1),
(158, 0, 5, 1),
(158, 0, 4, 1),
(158, 0, 3, 1),
(158, 0, 2, 1),
(158, 0, 1, 1),
(158, 0, 0, 1),
(157, 0, 0, 1),
(157, 0, 1, 1),
(157, 0, 2, 1),
(157, 0, 3, 1),
(157, 0, 4, 1),
(157, 0, 5, 1),
(157, 0, 6, 1),
(157, 0, 7, 1),
(157, 0, 8, 1),
(157, 0, 9, 1),
(157, 0, 10, 1),
(157, 0, 11, 1),
(157, 0, 12, 1),
(157, 0, 13, 1),
(157, 0, 14, 1),
(157, 0, 15, 0),
(157, 0, 16, 0),
(157, 0, 17, 0),
(157, 0, 18, 0),
(157, 0, 19, 0),
(157, 0, 20, 0),
(157, 0, 21, 0),
(157, 0, 22, 0),
(157, 0, 23, 0),
(157, 0, 24, 0),
(157, 0, 25, 0),
(157, 0, 26, 0),
(157, 0, 27, 0),
(157, 0, 28, 0),
(157, 0, 29, 1),
(157, 0, 30, 1),
(157, 0, 31, 1),
(157, 0, 32, 1),
(157, 0, 33, 1),
(157, 0, 34, 1),
(157, 1, 0, 1),
(157, 1, 1, 0),
(157, 1, 2, 0),
(157, 1, 3, 0),
(157, 1, 4, 0),
(157, 1, 5, 0),
(157, 1, 6, 0),
(157, 1, 7, 0),
(157, 1, 8, 0),
(157, 1, 9, 0),
(157, 1, 10, 0),
(157, 1, 11, 0),
(157, 1, 12, 0),
(157, 1, 13, 0),
(157, 1, 14, 0),
(157, 1, 15, 0),
(157, 1, 16, 0),
(157, 1, 17, 0),
(157, 1, 18, 0),
(157, 1, 19, 0),
(157, 1, 20, 0),
(157, 1, 21, 0),
(157, 1, 22, 0),
(157, 1, 23, 0),
(157, 1, 24, 0),
(157, 1, 25, 0),
(157, 1, 26, 0),
(157, 1, 27, 0),
(157, 1, 28, 0),
(157, 1, 29, 0),
(157, 1, 30, 0),
(157, 1, 31, 0),
(157, 1, 32, 0),
(157, 1, 33, 0),
(157, 1, 34, 1),
(157, 2, 0, 1),
(157, 2, 1, 0),
(157, 2, 2, 0),
(157, 2, 3, 0),
(157, 2, 4, 0),
(157, 2, 5, 0),
(157, 2, 6, 0),
(157, 2, 7, 0),
(157, 2, 8, 2),
(157, 2, 9, 0),
(157, 2, 10, 0),
(157, 2, 11, 1),
(157, 2, 12, 1),
(157, 2, 13, 1),
(157, 2, 14, 1),
(157, 2, 15, 1),
(157, 2, 16, 0),
(157, 2, 17, 0),
(157, 2, 18, 0),
(157, 2, 19, 0),
(157, 2, 20, 0),
(157, 2, 21, 0),
(157, 2, 22, 0),
(157, 2, 23, 0),
(157, 2, 24, 1),
(157, 2, 25, 1),
(157, 2, 26, 1),
(157, 2, 27, 1),
(157, 2, 28, 1),
(157, 2, 29, 0),
(157, 2, 30, 0),
(157, 2, 31, 0),
(157, 2, 32, 0),
(157, 2, 33, 0),
(157, 2, 34, 1),
(157, 3, 0, 1),
(157, 3, 1, 0),
(157, 3, 2, 0),
(157, 3, 3, 0),
(157, 3, 4, 0),
(157, 3, 5, 0),
(157, 3, 6, 0),
(157, 3, 7, 0),
(157, 3, 8, 0),
(157, 3, 9, 0),
(157, 3, 10, 0),
(157, 3, 11, 1),
(157, 3, 12, 0),
(157, 3, 13, 0),
(157, 3, 14, 0),
(157, 3, 15, 1),
(157, 3, 16, 0),
(157, 3, 17, 0),
(157, 3, 18, 0),
(157, 3, 19, 0),
(157, 3, 20, 0),
(157, 3, 21, 0),
(157, 3, 22, 0),
(157, 3, 23, 0),
(157, 3, 24, 1),
(157, 3, 25, 0),
(157, 3, 26, 0),
(157, 3, 27, 0),
(157, 3, 28, 1),
(157, 3, 29, 0),
(157, 3, 30, 0),
(157, 3, 31, 0),
(157, 3, 32, 0),
(157, 3, 33, 0),
(157, 3, 34, 1),
(157, 4, 0, 1),
(157, 4, 1, 0),
(157, 4, 2, 0),
(157, 4, 3, 0),
(157, 4, 4, 0),
(157, 4, 5, 0),
(157, 4, 6, 0),
(157, 4, 7, 0),
(157, 4, 8, 0),
(157, 4, 9, 0),
(157, 4, 10, 0),
(157, 4, 11, 1),
(157, 4, 12, 0),
(157, 4, 13, 0),
(157, 4, 14, 0),
(157, 4, 15, 0),
(157, 4, 16, 0),
(157, 4, 17, 0),
(157, 4, 18, 0),
(157, 4, 19, 0),
(157, 4, 20, 0),
(157, 4, 21, 0),
(157, 4, 22, 0),
(157, 4, 23, 0),
(157, 4, 24, 0),
(157, 4, 25, 0),
(157, 4, 26, 0),
(157, 4, 27, 0),
(157, 4, 28, 1),
(157, 4, 29, 1),
(157, 4, 30, 1),
(157, 4, 31, 0),
(157, 4, 32, 0),
(157, 4, 33, 0),
(157, 4, 34, 1),
(157, 5, 0, 1),
(157, 5, 1, 0),
(157, 5, 2, 0),
(157, 5, 3, 0),
(157, 5, 4, 0),
(157, 5, 5, 2),
(157, 5, 6, 0),
(157, 5, 7, 0),
(157, 5, 8, 0),
(157, 5, 9, 0),
(157, 5, 10, 0),
(157, 5, 11, 1),
(157, 5, 12, 1),
(157, 5, 13, 1),
(157, 5, 14, 1),
(157, 5, 15, 1),
(157, 5, 16, 1),
(157, 5, 17, 1),
(157, 5, 18, 1),
(157, 5, 19, 1),
(157, 5, 20, 0),
(157, 5, 21, 0),
(157, 5, 22, 0),
(157, 5, 23, 0),
(157, 5, 24, 3),
(157, 5, 25, 0),
(157, 5, 26, 0),
(157, 5, 27, 0),
(157, 5, 28, 1),
(157, 5, 29, 0),
(157, 5, 30, 1),
(157, 5, 31, 0),
(157, 5, 32, 0),
(157, 5, 33, 0),
(157, 5, 34, 1),
(157, 6, 0, 1),
(157, 6, 1, 0),
(157, 6, 2, 0),
(157, 6, 3, 0),
(157, 6, 4, 0),
(157, 6, 5, 0),
(157, 6, 6, 0),
(157, 6, 7, 0),
(157, 6, 8, 0),
(157, 6, 9, 0),
(157, 6, 10, 0),
(157, 6, 11, 0),
(157, 6, 12, 0),
(157, 6, 13, 0),
(157, 6, 14, 0),
(157, 6, 15, 0),
(157, 6, 16, 1),
(157, 6, 17, 0),
(157, 6, 18, 1),
(157, 6, 19, 1),
(157, 6, 20, 0),
(157, 6, 21, 0),
(157, 6, 22, 0),
(157, 6, 23, 1),
(157, 6, 24, 1),
(157, 6, 25, 1),
(157, 6, 26, 1),
(157, 6, 27, 0),
(157, 6, 28, 0),
(157, 6, 29, 0),
(157, 6, 30, 1),
(157, 6, 31, 0),
(157, 6, 32, 0),
(157, 6, 33, 0),
(157, 6, 34, 1),
(157, 7, 0, 1),
(157, 7, 1, 0),
(157, 7, 2, 0),
(157, 7, 3, 0),
(157, 7, 4, 0),
(157, 7, 5, 0),
(157, 7, 6, 0),
(157, 7, 7, 0),
(157, 7, 8, 0),
(157, 7, 9, 1),
(157, 7, 10, 1),
(157, 7, 11, 1),
(157, 7, 12, 1),
(157, 7, 13, 0),
(157, 7, 14, 0),
(157, 7, 15, 0),
(157, 7, 16, 0),
(157, 7, 17, 0),
(157, 7, 18, 1),
(157, 7, 19, 1),
(157, 7, 20, 0),
(157, 7, 21, 0),
(157, 7, 22, 0),
(157, 7, 23, 1),
(157, 7, 24, 0),
(157, 7, 25, 0),
(157, 7, 26, 1),
(157, 7, 27, 0),
(157, 7, 28, 0),
(157, 7, 29, 0),
(157, 7, 30, 1),
(157, 7, 31, 0),
(157, 7, 32, 0),
(157, 7, 33, 0),
(157, 7, 34, 1),
(157, 8, 0, 1),
(157, 8, 1, 0),
(157, 8, 2, 0),
(157, 8, 3, 0),
(157, 8, 4, 0),
(157, 8, 5, 0),
(157, 8, 6, 0),
(157, 8, 7, 0),
(157, 8, 8, 0),
(157, 8, 9, 1),
(157, 8, 10, 1),
(157, 8, 11, 1),
(157, 8, 12, 1),
(157, 8, 13, 0),
(157, 8, 14, 0),
(157, 8, 15, 0),
(157, 8, 16, 0),
(157, 8, 17, 0),
(157, 8, 18, 0),
(157, 8, 19, 0),
(157, 8, 20, 0),
(157, 8, 21, 0),
(157, 8, 22, 0),
(157, 8, 23, 0),
(157, 8, 24, 0),
(157, 8, 25, 0),
(157, 8, 26, 0),
(157, 8, 27, 0),
(157, 8, 28, 0),
(157, 8, 29, 0),
(157, 8, 30, 1),
(157, 8, 31, 0),
(157, 8, 32, 0),
(157, 8, 33, 0),
(157, 8, 34, 1),
(157, 9, 0, 1),
(157, 9, 1, 0),
(157, 9, 2, 0),
(157, 9, 3, 0),
(157, 9, 4, 0),
(157, 9, 5, 0),
(157, 9, 6, 0),
(157, 9, 7, 0),
(157, 9, 8, 0),
(157, 9, 9, 0),
(157, 9, 10, 1),
(157, 9, 11, 1),
(157, 9, 12, 1),
(157, 9, 13, 0),
(157, 9, 14, 0),
(157, 9, 15, 0),
(157, 9, 16, 0),
(157, 9, 17, 0),
(157, 9, 18, 0),
(157, 9, 19, 0),
(157, 9, 20, 0),
(157, 9, 21, 1),
(157, 9, 22, 1),
(157, 9, 23, 1),
(157, 9, 24, 1),
(157, 9, 25, 1),
(157, 9, 26, 0),
(157, 9, 27, 0),
(157, 9, 28, 1),
(157, 9, 29, 1),
(157, 9, 30, 1),
(157, 9, 31, 0),
(157, 9, 32, 0),
(157, 9, 33, 0),
(157, 9, 34, 1),
(157, 10, 0, 1),
(157, 10, 1, 0),
(157, 10, 2, 0),
(157, 10, 3, 0),
(157, 10, 4, 0),
(157, 10, 5, 0),
(157, 10, 6, 0),
(157, 10, 7, 0),
(157, 10, 8, 0),
(157, 10, 9, 1),
(157, 10, 10, 1),
(157, 10, 11, 0),
(157, 10, 12, 0),
(157, 10, 13, 0),
(157, 10, 14, 0),
(157, 10, 15, 0),
(157, 10, 16, 0),
(157, 10, 17, 0),
(157, 10, 18, 0),
(157, 10, 19, 0),
(157, 10, 20, 0),
(157, 10, 21, 1),
(157, 10, 22, 0),
(157, 10, 23, 0),
(157, 10, 24, 0),
(157, 10, 25, 1),
(157, 10, 26, 0),
(157, 10, 27, 0),
(157, 10, 28, 1),
(157, 10, 29, 0),
(157, 10, 30, 0),
(157, 10, 31, 0),
(157, 10, 32, 0),
(157, 10, 33, 0),
(157, 10, 34, 1),
(157, 11, 0, 1),
(157, 11, 1, 0),
(157, 11, 2, 0),
(157, 11, 3, 0),
(157, 11, 4, 0),
(157, 11, 5, 0),
(157, 11, 6, 0),
(157, 11, 7, 0),
(157, 11, 8, 1),
(157, 11, 9, 1),
(157, 11, 10, 0),
(157, 11, 11, 0),
(157, 11, 12, 1),
(157, 11, 13, 1),
(157, 11, 14, 1),
(157, 11, 15, 0),
(157, 11, 16, 0),
(157, 11, 17, 0),
(157, 11, 18, 0),
(157, 11, 19, 0),
(157, 11, 20, 0),
(157, 11, 21, 0),
(157, 11, 22, 0),
(157, 11, 23, 0),
(157, 11, 24, 0),
(157, 11, 25, 1),
(157, 11, 26, 0),
(157, 11, 27, 0),
(157, 11, 28, 1),
(157, 11, 29, 0),
(157, 11, 30, 0),
(157, 11, 31, 0),
(157, 11, 32, 0),
(157, 11, 33, 0),
(157, 11, 34, 1),
(157, 12, 0, 1),
(157, 12, 1, 0),
(157, 12, 2, 0),
(157, 12, 3, 0),
(157, 12, 4, 0),
(157, 12, 5, 0),
(157, 12, 6, 0),
(157, 12, 7, 0),
(157, 12, 8, 0),
(157, 12, 9, 0),
(157, 12, 10, 0),
(157, 12, 11, 0),
(157, 12, 12, 1),
(157, 12, 13, 0),
(157, 12, 14, 1),
(157, 12, 15, 0),
(157, 12, 16, 0),
(157, 12, 17, 0),
(157, 12, 18, 0),
(157, 12, 19, 0),
(157, 12, 20, 0),
(157, 12, 21, 0),
(157, 12, 22, 0),
(157, 12, 23, 0),
(157, 12, 24, 0),
(157, 12, 25, 1),
(157, 12, 26, 1),
(157, 12, 27, 0),
(157, 12, 28, 1),
(157, 12, 29, 0),
(157, 12, 30, 0),
(157, 12, 31, 0),
(157, 12, 32, 0),
(157, 12, 33, 0),
(157, 12, 34, 1),
(157, 13, 0, 1),
(157, 13, 1, 0),
(157, 13, 2, 0),
(157, 13, 3, 0),
(157, 13, 4, 0),
(157, 13, 5, 0),
(157, 13, 6, 0),
(157, 13, 7, 0),
(157, 13, 8, 0),
(157, 13, 9, 0),
(157, 13, 10, 0),
(157, 13, 11, 0),
(157, 13, 12, 0),
(157, 13, 13, 0),
(157, 13, 14, 0),
(157, 13, 15, 0),
(157, 13, 16, 0),
(157, 13, 17, 0),
(157, 13, 18, 0),
(157, 13, 19, 0),
(157, 13, 20, 0),
(157, 13, 21, 0),
(157, 13, 22, 0),
(157, 13, 23, 0),
(157, 13, 24, 0),
(157, 13, 25, 0),
(157, 13, 26, 0),
(157, 13, 27, 0),
(157, 13, 28, 1),
(157, 13, 29, 0),
(157, 13, 30, 0),
(157, 13, 31, 0),
(157, 13, 32, 0),
(157, 13, 33, 0),
(157, 13, 34, 1),
(157, 14, 0, 0),
(157, 14, 1, 0),
(157, 14, 2, 0),
(157, 14, 3, 0),
(157, 14, 4, 0),
(157, 14, 5, 0),
(157, 14, 6, 0),
(157, 14, 7, 0),
(157, 14, 8, 0),
(157, 14, 9, 0),
(157, 14, 10, 0),
(157, 14, 11, 0),
(157, 14, 12, 0),
(157, 14, 13, 1),
(157, 14, 14, 1),
(157, 14, 15, 1),
(157, 14, 16, 0),
(157, 14, 17, 0),
(157, 14, 18, 0),
(157, 14, 19, 0),
(157, 14, 20, 0),
(157, 14, 21, 0),
(157, 14, 22, 0),
(157, 14, 23, 8),
(157, 14, 24, 0),
(157, 14, 25, 0),
(157, 14, 26, 1),
(157, 14, 27, 1),
(157, 14, 28, 1),
(157, 14, 29, 0),
(157, 14, 30, 0),
(157, 14, 31, 0),
(157, 14, 32, 0),
(157, 14, 33, 0),
(157, 14, 34, 0),
(157, 15, 0, 0),
(157, 15, 1, 0),
(157, 15, 2, 0),
(157, 15, 3, 0),
(157, 15, 4, 0),
(157, 15, 5, 0),
(157, 15, 6, 0),
(157, 15, 7, 0),
(157, 15, 8, 0),
(157, 15, 9, 1),
(157, 15, 10, 1),
(157, 15, 11, 1),
(157, 15, 12, 1),
(157, 15, 13, 0),
(157, 15, 14, 0),
(157, 15, 15, 1),
(157, 15, 16, 0),
(157, 15, 17, 0),
(157, 15, 18, 1),
(157, 15, 19, 1),
(157, 15, 20, 0),
(157, 15, 21, 0),
(157, 15, 22, 1),
(157, 15, 23, 1),
(157, 15, 24, 1),
(157, 15, 25, 0),
(157, 15, 26, 0),
(157, 15, 27, 1),
(157, 15, 28, 1),
(157, 15, 29, 1),
(157, 15, 30, 0),
(157, 15, 31, 0),
(157, 15, 32, 0),
(157, 15, 33, 0),
(157, 15, 34, 0),
(157, 16, 0, 0),
(157, 16, 1, 0),
(157, 16, 2, 0),
(157, 16, 3, 0),
(157, 16, 4, 0),
(157, 16, 5, 0),
(157, 16, 6, 0),
(157, 16, 7, 0),
(157, 16, 8, 0),
(157, 16, 9, 1),
(157, 16, 10, 0),
(157, 16, 11, 0),
(157, 16, 12, 1),
(157, 16, 13, 0),
(157, 16, 14, 0),
(157, 16, 15, 0),
(157, 16, 16, 0),
(157, 16, 17, 1),
(157, 16, 18, 1),
(157, 16, 19, 1),
(157, 16, 20, 0),
(157, 16, 21, 0),
(157, 16, 22, 0),
(157, 16, 23, 0),
(157, 16, 24, 1),
(157, 16, 25, 0),
(157, 16, 26, 0),
(157, 16, 27, 1),
(157, 16, 28, 0),
(157, 16, 29, 1),
(157, 16, 30, 1),
(157, 16, 31, 0),
(157, 16, 32, 0),
(157, 16, 33, 0),
(157, 16, 34, 0),
(157, 17, 0, 0),
(157, 17, 1, 0),
(157, 17, 2, 0),
(157, 17, 3, 0),
(157, 17, 4, 0),
(157, 17, 5, 0),
(157, 17, 6, 0),
(157, 17, 7, 0),
(157, 17, 8, 0),
(157, 17, 9, 1),
(157, 17, 10, 7),
(157, 17, 11, 0),
(157, 17, 12, 0),
(157, 17, 13, 0),
(157, 17, 14, 0),
(157, 17, 15, 0),
(157, 17, 16, 0),
(157, 17, 17, 0),
(157, 17, 18, 0),
(157, 17, 19, 0),
(157, 17, 20, 0),
(157, 17, 21, 0),
(157, 17, 22, 0),
(157, 17, 23, 0),
(157, 17, 24, 0),
(157, 17, 25, 0),
(157, 17, 26, 0),
(157, 17, 27, 0),
(157, 17, 28, 0),
(157, 17, 29, 0),
(157, 17, 30, 0),
(157, 17, 31, 0),
(157, 17, 32, 0),
(157, 17, 33, 0),
(157, 17, 34, 0),
(157, 18, 0, 0),
(157, 18, 1, 0),
(157, 18, 2, 0),
(157, 18, 3, 0),
(157, 18, 4, 1),
(157, 18, 5, 1),
(157, 18, 6, 0),
(157, 18, 7, 0),
(157, 18, 8, 0),
(157, 18, 9, 0),
(157, 18, 10, 0),
(157, 18, 11, 0),
(157, 18, 12, 0),
(157, 18, 13, 0),
(157, 18, 14, 0),
(157, 18, 15, 0),
(157, 18, 16, 0),
(157, 18, 17, 0),
(157, 18, 18, 0),
(157, 18, 19, 0),
(157, 18, 20, 0),
(157, 18, 21, 0),
(157, 18, 22, 0),
(157, 18, 23, 0),
(157, 18, 24, 0),
(157, 18, 25, 0),
(157, 18, 26, 0),
(157, 18, 27, 0),
(157, 18, 28, 0),
(157, 18, 29, 0),
(157, 18, 30, 0),
(157, 18, 31, 0),
(157, 18, 32, 0),
(157, 18, 33, 0),
(157, 18, 34, 0),
(157, 19, 0, 0),
(157, 19, 1, 0),
(157, 19, 2, 0),
(157, 19, 3, 0),
(157, 19, 4, 1),
(157, 19, 5, 1),
(157, 19, 6, 0),
(157, 19, 7, 0),
(157, 19, 8, 0),
(157, 19, 9, 0),
(157, 19, 10, 0),
(157, 19, 11, 0),
(157, 19, 12, 0),
(157, 19, 13, 0),
(157, 19, 14, 0),
(157, 19, 15, 0),
(157, 19, 16, 0),
(157, 19, 17, 0),
(157, 19, 18, 0),
(157, 19, 19, 0),
(157, 19, 20, 0),
(157, 19, 21, 0),
(157, 19, 22, 0),
(157, 19, 23, 0),
(157, 19, 24, 0),
(157, 19, 25, 0),
(157, 19, 26, 0),
(157, 19, 27, 0),
(157, 19, 28, 0),
(157, 19, 29, 0),
(157, 19, 30, 0),
(157, 19, 31, 0),
(157, 19, 32, 0),
(157, 19, 33, 0),
(157, 19, 34, 0),
(157, 20, 0, 0),
(157, 20, 1, 0),
(157, 20, 2, 0),
(157, 20, 3, 0),
(157, 20, 4, 0),
(157, 20, 5, 0),
(157, 20, 6, 0),
(157, 20, 7, 0),
(157, 20, 8, 0),
(157, 20, 9, 0),
(157, 20, 10, 0),
(157, 20, 11, 0),
(157, 20, 12, 0),
(157, 20, 13, 0),
(157, 20, 14, 0),
(157, 20, 15, 0),
(157, 20, 16, 0),
(157, 20, 17, 0),
(157, 20, 18, 0),
(157, 20, 19, 0),
(157, 20, 20, 0),
(157, 20, 21, 0),
(157, 20, 22, 0),
(157, 20, 23, 0),
(157, 20, 24, 0),
(157, 20, 25, 0),
(157, 20, 26, 0),
(157, 20, 27, 0),
(157, 20, 28, 1),
(157, 20, 29, 1),
(157, 20, 30, 1),
(157, 20, 31, 0),
(157, 20, 32, 0),
(157, 20, 33, 0),
(157, 20, 34, 0),
(157, 21, 0, 0),
(157, 21, 1, 0),
(157, 21, 2, 0),
(157, 21, 3, 5),
(157, 21, 4, 0),
(157, 21, 5, 0),
(157, 21, 6, 0),
(157, 21, 7, 0),
(157, 21, 8, 0),
(157, 21, 9, 0),
(157, 21, 10, 0),
(157, 21, 11, 0),
(157, 21, 12, 0),
(157, 21, 13, 0),
(157, 21, 14, 6),
(157, 21, 15, 0),
(157, 21, 16, 0),
(157, 21, 17, 0),
(157, 21, 18, 0),
(157, 21, 19, 0),
(157, 21, 20, 2),
(157, 21, 21, 0),
(157, 21, 22, 0),
(157, 21, 23, 0),
(157, 21, 24, 0),
(157, 21, 25, 0),
(157, 21, 26, 0),
(157, 21, 27, 0),
(157, 21, 28, 1),
(157, 21, 29, 1),
(157, 21, 30, 1),
(157, 21, 31, 0),
(157, 21, 32, 0),
(157, 21, 33, 0),
(157, 21, 34, 0),
(157, 22, 0, 0),
(157, 22, 1, 0),
(157, 22, 2, 0),
(157, 22, 3, 0),
(157, 22, 4, 0),
(157, 22, 5, 0),
(157, 22, 6, 0),
(157, 22, 7, 0),
(157, 22, 8, 0),
(157, 22, 9, 0),
(157, 22, 10, 0),
(157, 22, 11, 0),
(157, 22, 12, 0),
(157, 22, 13, 0),
(157, 22, 14, 0),
(157, 22, 15, 0),
(157, 22, 16, 0),
(157, 22, 17, 0),
(157, 22, 18, 0),
(157, 22, 19, 0),
(157, 22, 20, 0),
(157, 22, 21, 0),
(157, 22, 22, 0),
(157, 22, 23, 0),
(157, 22, 24, 0),
(157, 22, 25, 0),
(157, 22, 26, 0),
(157, 22, 27, 0),
(157, 22, 28, 0),
(157, 22, 29, 1),
(157, 22, 30, 1),
(157, 22, 31, 0),
(157, 22, 32, 0),
(157, 22, 33, 0),
(157, 22, 34, 0),
(157, 23, 0, 0),
(157, 23, 1, 0),
(157, 23, 2, 0),
(157, 23, 3, 0),
(157, 23, 4, 0),
(157, 23, 5, 0),
(157, 23, 6, 0),
(157, 23, 7, 0),
(157, 23, 8, 0),
(157, 23, 9, 0),
(157, 23, 10, 0),
(157, 23, 11, 0),
(157, 23, 12, 0),
(157, 23, 13, 0),
(157, 23, 14, 0),
(157, 23, 15, 0),
(157, 23, 16, 0),
(157, 23, 17, 0),
(157, 23, 18, 0),
(157, 23, 19, 0),
(157, 23, 20, 0),
(157, 23, 21, 0),
(157, 23, 22, 0),
(157, 23, 23, 0),
(157, 23, 24, 0),
(157, 23, 25, 0),
(157, 23, 26, 0),
(157, 23, 27, 0),
(157, 23, 28, 0),
(157, 23, 29, 1),
(157, 23, 30, 1),
(157, 23, 31, 0),
(157, 23, 32, 0),
(157, 23, 33, 0),
(157, 23, 34, 0),
(157, 24, 0, 0),
(157, 24, 1, 0),
(157, 24, 2, 0),
(157, 24, 3, 0),
(157, 24, 4, 0),
(157, 24, 5, 0),
(157, 24, 6, 0),
(157, 24, 7, 9),
(157, 24, 8, 0),
(157, 24, 9, 0),
(157, 24, 10, 0),
(157, 24, 11, 0),
(157, 24, 12, 0),
(157, 24, 13, 0),
(157, 24, 14, 0),
(157, 24, 15, 0),
(157, 24, 16, 0),
(157, 24, 17, 0),
(157, 24, 18, 0),
(157, 24, 19, 0),
(157, 24, 20, 0),
(157, 24, 21, 0),
(157, 24, 22, 0),
(157, 24, 23, 1),
(157, 24, 24, 1),
(157, 24, 25, 0),
(157, 24, 26, 0),
(157, 24, 27, 0),
(157, 24, 28, 0),
(157, 24, 29, 0),
(157, 24, 30, 0),
(157, 24, 31, 0),
(157, 24, 32, 0),
(157, 24, 33, 0),
(157, 24, 34, 0),
(157, 25, 0, 0),
(157, 25, 1, 0),
(157, 25, 2, 0),
(157, 25, 3, 0),
(157, 25, 4, 0),
(157, 25, 5, 0),
(157, 25, 6, 0),
(157, 25, 7, 1),
(157, 25, 8, 1),
(157, 25, 9, 0),
(157, 25, 10, 0),
(157, 25, 11, 0),
(157, 25, 12, 0),
(157, 25, 13, 0),
(157, 25, 14, 0),
(157, 25, 15, 0),
(157, 25, 16, 0),
(157, 25, 17, 0),
(157, 25, 18, 0),
(157, 25, 19, 0),
(157, 25, 20, 0),
(157, 25, 21, 0),
(157, 25, 22, 0),
(157, 25, 23, 1),
(157, 25, 24, 0),
(157, 25, 25, 0),
(157, 25, 26, 0),
(157, 25, 27, 0),
(157, 25, 28, 0),
(157, 25, 29, 1),
(157, 25, 30, 1),
(157, 25, 31, 0),
(157, 25, 32, 0),
(157, 25, 33, 0),
(157, 25, 34, 0),
(157, 26, 0, 1),
(157, 26, 1, 0),
(157, 26, 2, 0),
(157, 26, 3, 0),
(157, 26, 4, 0),
(157, 26, 5, 0),
(157, 26, 6, 0),
(157, 26, 7, 1),
(157, 26, 8, 1),
(157, 26, 9, 0),
(157, 26, 10, 0),
(157, 26, 11, 0),
(157, 26, 12, 0),
(157, 26, 13, 0),
(157, 26, 14, 0),
(157, 26, 15, 0),
(157, 26, 16, 0),
(157, 26, 17, 0),
(157, 26, 18, 0),
(157, 26, 19, 0),
(157, 26, 20, 0),
(157, 26, 21, 0),
(157, 26, 22, 1),
(157, 26, 23, 1),
(157, 26, 24, 1),
(157, 26, 25, 0),
(157, 26, 26, 0),
(157, 26, 27, 0),
(157, 26, 28, 0),
(157, 26, 29, 1),
(157, 26, 30, 0),
(157, 26, 31, 0),
(157, 26, 32, 4),
(157, 26, 33, 0),
(157, 26, 34, 1),
(157, 27, 0, 1),
(157, 27, 1, 0),
(157, 27, 2, 0),
(157, 27, 3, 0),
(157, 27, 4, 0),
(157, 27, 5, 0),
(157, 27, 6, 0),
(157, 27, 7, 0),
(157, 27, 8, 0),
(157, 27, 9, 0),
(157, 27, 10, 0),
(157, 27, 11, 0),
(157, 27, 12, 0),
(157, 27, 13, 0),
(157, 27, 14, 0),
(157, 27, 15, 0),
(157, 27, 16, 0),
(157, 27, 17, 0),
(157, 27, 18, 0),
(157, 27, 19, 0),
(157, 27, 20, 0),
(157, 27, 21, 0),
(157, 27, 22, 0),
(157, 27, 23, 1),
(157, 27, 24, 1),
(157, 27, 25, 0),
(157, 27, 26, 0),
(157, 27, 27, 0),
(157, 27, 28, 0),
(157, 27, 29, 0),
(157, 27, 30, 0),
(157, 27, 31, 0),
(157, 27, 32, 0),
(157, 27, 33, 0),
(157, 27, 34, 1),
(157, 28, 0, 1),
(157, 28, 1, 0),
(157, 28, 2, 0),
(157, 28, 3, 0),
(157, 28, 4, 0),
(157, 28, 5, 0),
(157, 28, 6, 0),
(157, 28, 7, 0),
(157, 28, 8, 0),
(157, 28, 9, 0),
(157, 28, 10, 0),
(157, 28, 11, 0),
(157, 28, 12, 0),
(157, 28, 13, 0),
(157, 28, 14, 0),
(157, 28, 15, 0),
(157, 28, 16, 0),
(157, 28, 17, 0),
(157, 28, 18, 0),
(157, 28, 19, 0),
(157, 28, 20, 0),
(157, 28, 21, 0),
(157, 28, 22, 0),
(157, 28, 23, 0),
(157, 28, 24, 0),
(157, 28, 25, 0),
(157, 28, 26, 0),
(157, 28, 27, 0),
(157, 28, 28, 0),
(157, 28, 29, 0),
(157, 28, 30, 0),
(157, 28, 31, 0),
(157, 28, 32, 0),
(157, 28, 33, 0),
(157, 28, 34, 1),
(157, 29, 0, 1),
(157, 29, 1, 1),
(157, 29, 2, 1),
(157, 29, 3, 1),
(157, 29, 4, 1),
(157, 29, 5, 1),
(157, 29, 6, 1),
(157, 29, 7, 1),
(157, 29, 8, 1),
(157, 29, 9, 1),
(157, 29, 10, 1),
(157, 29, 11, 1),
(157, 29, 12, 1),
(157, 29, 13, 1),
(157, 29, 14, 1),
(157, 29, 15, 0),
(157, 29, 16, 0),
(157, 29, 17, 0),
(157, 29, 18, 0),
(157, 29, 19, 0),
(157, 29, 20, 0),
(157, 29, 21, 0),
(157, 29, 22, 0),
(157, 29, 23, 0),
(157, 29, 24, 0),
(157, 29, 25, 0),
(157, 29, 26, 0),
(157, 29, 27, 0),
(157, 29, 28, 0),
(157, 29, 29, 1),
(157, 29, 30, 1),
(157, 29, 31, 1),
(157, 29, 32, 1),
(157, 29, 33, 1),
(157, 29, 34, 1);

--
-- Index pour les tables exportées
--

--
-- Index pour la table `friend`
--
ALTER TABLE `friend`
  ADD PRIMARY KEY (`friendOne`,`friendTwo`),
  ADD KEY `friendTwo` (`friendTwo`);

--
-- Index pour la table `friendrequest`
--
ALTER TABLE `friendrequest`
  ADD PRIMARY KEY (`playerOne`,`playerTwo`),
  ADD KEY `playerTwo` (`playerTwo`);

--
-- Index pour la table `game`
--
ALTER TABLE `game`
  ADD PRIMARY KEY (`id`),
  ADD KEY `owner` (`owner`);

--
-- Index pour la table `invitation`
--
ALTER TABLE `invitation`
  ADD PRIMARY KEY (`game`,`author`,`recipient`),
  ADD KEY `author` (`author`),
  ADD KEY `recipient` (`recipient`),
  ADD KEY `game` (`game`);

--
-- Index pour la table `map`
--
ALTER TABLE `map`
  ADD PRIMARY KEY (`game`);

--
-- Index pour la table `player`
--
ALTER TABLE `player`
  ADD PRIMARY KEY (`pseudo`),
  ADD KEY `inspectate` (`inspectate`);

--
-- Index pour la table `playerstat`
--
ALTER TABLE `playerstat`
  ADD PRIMARY KEY (`id`,`game`),
  ADD KEY `player` (`player`),
  ADD KEY `game` (`game`);

--
-- Index pour la table `square`
--
ALTER TABLE `square`
  ADD PRIMARY KEY (`map`,`placeX`,`placeY`);

--
-- AUTO_INCREMENT pour les tables exportées
--

--
-- AUTO_INCREMENT pour la table `game`
--
ALTER TABLE `game`
  MODIFY `id` int(11) NOT NULL AUTO_INCREMENT, AUTO_INCREMENT=170;
/*!40101 SET CHARACTER_SET_CLIENT=@OLD_CHARACTER_SET_CLIENT */;
/*!40101 SET CHARACTER_SET_RESULTS=@OLD_CHARACTER_SET_RESULTS */;
/*!40101 SET COLLATION_CONNECTION=@OLD_COLLATION_CONNECTION */;
